name,thumb,images,main_image,price,screen_tech,screen_resolution,screen_size_refresh,os,cpu,cpu_speed,gpu,ram,storage,storage_available,external_memory,rear_camera_resolution,rear_camera_video,rear_camera_features,front_camera_resolution,front_camera_features,wifi,gps,bluetooth,charging_port,mobile_network,sim,calling,headphone_jack,other_connectivity,special_features,water_resistant,voice_recording,radio,battery_capacity,battery_type,battery_tech,charging_support,included_charger,material,dimensions_weight,release_date,brand,phanloai
Samsung Galaxy Tab S9 WiFi 8GB/128GB,https://cdn.tgdd.vn/Products/Images/522/303299/samsung-galaxy-tab-s9-grey-thumbnew-600x600.jpg,https://cdn.tgdd.vn/Products/Images/522/303299/samsung-galaxy-tab-s9-1-750x500.jpg; https://cdn.tgdd.vn/Products/Images/522/303299/samsung-galaxy-tab-s9-wifi-xam-128gb-3-750x500.jpg; https://cdn.tgdd.vn/Products/Images/522/303299/samsung-galaxy-tab-s9-wifi-xam-128gb-4-750x500.jpg; https://cdn.tgdd.vn/Products/Images/522/303299/samsung-galaxy-tab-s9-wifi-xam-128gb-5-750x500.jpg; https://cdn.tgdd.vn/Products/Images/522/303299/samsung-galaxy-tab-s9-wifi-xam-128gb-6-750x500.jpg,,166300000.0,Dynamic AMOLED 2X,1600 x 2560 Pixels,"11"" - Tần số quét 120 Hz",Android 13,Snapdragon 8 Gen 2 for Galaxy,"1 nhân 3.36 GHz, 4 nhân 2.8 GHz & 3 nhân 2 GHz",Adreno 740,8 GB,128 GB,99.9 GB,"Micro SD, hỗ trợ tối đa 1 TB",13 MP,4K 2160p@30fps | HD 720p@30fps | FullHD 1080p@30fps,Bộ lọc màu | Đèn Flash | Ánh sáng yếu (Chụp đêm) | Zoom kỹ thuật số | Xóa phông | Video chuyên nghiệp | Tua nhanh thời gian (Time‑lapse) | Toàn cảnh (Panorama) | Quét mã QR | Làm đẹp | HDR | Góc siêu rộng | Chụp ảnh chuyển động | Chụp một chạm | Chụp hẹn giờ | Chuyên nghiệp (Pro) | Tự động lấy nét,12 MP,Trôi nhanh thời gian (Time Lapse) | Xóa phông | Quay video HD | Quay video Full HD | Quay video 4K | Làm đẹp | Hẹn giờ chụp | HDR | Góc siêu rộng | Chụp ảnh chuyển động | Chụp một chạm | Bộ lọc màu,Wi-Fi Direct | Wi-Fi 802.11 a/b/g/n/ac/ax | MIMO | Dual-band,QZSS | GPS | GLONASS | GALILEO | BDS,v5.3,Type-C,,,,,,Ứng dụng kép (Dual Messenger) | Đa cửa sổ | Âm thanh Dolby Atmos | Âm thanh AKG | Vision Booster | Samsung DeX (Giao diện tương tự PC) | Mở rộng bộ nhớ RAM | Mở khóa bằng khuôn mặt | Mở khoá vân tay dưới màn hình | Kết nối bút S Pen | Kết nối bàn phím rời | Không gian thứ hai (Thư mục bảo mật) | HDR10+ | Chế độ trẻ em (Samsung Kids) | Chạm 2 lần tắt/mở màn hình | Chia ba màn hình | 4 loa stereo,IP68,Có,Có,8400 mAh,Li-Ion,Sạc pin nhanh | Tiết kiệm pin,45 W,,Nhôm nguyên khối,Dài 254.3 mm - Ngang 165.8 mm - Dày 5.9 mm - Nặng 498 g,07/2023,Samsung,tablet
Samsung Galaxy Tab S6 Lite 2024 4G 4GB/64GB,https://cdn.tgdd.vn/Products/Images/522/322134/samsung-galaxy-tab-s6-lite-2024-grey-thumb-600x600.jpg,https://cdn.tgdd.vn/Products/Images/522/322134/samsung-galaxy-tab-s6-lite-xam-1-750x500.jpg; https://cdn.tgdd.vn/Products/Images/522/322134/samsung-galaxy-tab-s6-lite-xam-2-750x500.jpg; https://cdn.tgdd.vn/Products/Images/522/322134/samsung-galaxy-tab-s6-lite-xam-3-750x500.jpg; https://cdn.tgdd.vn/Products/Images/522/322134/samsung-galaxy-tab-s6-lite-xam-4-750x500.jpg; https://cdn.tgdd.vn/Products/Images/522/322134/samsung-galaxy-tab-s6-lite-xam-5-750x500.jpg,,70600000.0,TFT LCD,1200 x 2000 Pixels,"10.4"" - Tần số quét 60 Hz",Android 14,Exynos 1280 8 nhân,2 nhân 2.4 GHz & 6 nhân 2 GHz,Mali-G68,4 GB,64 GB,48.1 GB,"Micro SD, hỗ trợ tối đa 1 TB",8 MP,HD 720p@30fps | FullHD 1080p@30fps,Bộ lọc màu | Zoom kỹ thuật số | Xóa phông | Tua nhanh thời gian (Time‑lapse) | Toàn cảnh (Panorama) | Quét mã QR | HDR | Chụp hẹn giờ | Chuyên nghiệp (Pro) | Tự động lấy nét,5 MP,Xóa phông | Quay video HD | Quay video Full HD | Làm đẹp | Hẹn giờ chụp | HDR | Flash màn hình | Bộ lọc màu,Wi-Fi hotspot | Wi-Fi Direct | Wi-Fi 802.11 a/b/g/n/ac | Dual-band,QZSS | GPS | GLONASS | GALILEO | BDS,v5.3,Type-C,Hỗ trợ 4G,1 Nano SIM,Có nghe gọi,3.5 mm,,Ứng dụng kép (Dual Messenger) | Đa cửa sổ | Âm thanh Dolby Atmos | Âm thanh AKG | Trợ lý ảo Google | Trợ lý Samsung Bixby | Thanh bên thông minh | Samsung DeX (Giao diện tương tự PC) | Mở rộng bộ nhớ RAM | Mở khóa bằng khuôn mặt | Loa kép | Kết nối bút S Pen | Không gian thứ hai (Thư mục bảo mật),,Có,,7040 mAh,Li-Po,Tiết kiệm pin,15 W,,Kim loại nguyên khối,Dài 244.5 mm - Ngang 154.3 mm - Dày 7 mm - Nặng 467 g,04/2024,Samsung,tablet
Samsung Galaxy Tab S9 5G 12GB/256GB,https://cdn.tgdd.vn/Products/Images/522/311063/samsung-galaxy-tab-s9-kem-thumbnew-600x600.jpg,https://cdn.tgdd.vn/Products/Images/522/311063/samsung-galaxy-tab-s9-kem-1-750x500.jpg; https://cdn.tgdd.vn/Products/Images/522/311063/samsung-galaxy-tab-s9-kem-2-750x500.jpg; https://cdn.tgdd.vn/Products/Images/522/311063/samsung-galaxy-tab-s9-kem-3-750x500.jpg; https://cdn.tgdd.vn/Products/Images/522/311063/samsung-galaxy-tab-s9-kem-4-750x500.jpg; https://cdn.tgdd.vn/Products/Images/522/311063/samsung-galaxy-tab-s9-kem-5-750x500.jpg,,184900000.0,Dynamic AMOLED 2X,1600 x 2560 Pixels,"11"" - Tần số quét 120 Hz",Android 13,Snapdragon 8 Gen 2 for Galaxy,"1 nhân 3.36 GHz, 4 nhân 2.8 GHz & 3 nhân 2 GHz",Adreno 740,12 GB,256 GB,218.2 GB,"Micro SD, hỗ trợ tối đa 1 TB",13 MP,4K 2160p@30fps | HD 720p@30fps | FullHD 1080p@30fps,Bộ lọc màu | Đèn Flash | Ánh sáng yếu (Chụp đêm) | Zoom kỹ thuật số | Xóa phông | Video chuyên nghiệp | Tua nhanh thời gian (Time‑lapse) | Toàn cảnh (Panorama) | Quét mã QR | Làm đẹp | HDR | Góc siêu rộng | Chụp ảnh chuyển động | Chụp một chạm | Chụp hẹn giờ | Chuyên nghiệp (Pro) | Tự động lấy nét,12 MP,Trôi nhanh thời gian (Time Lapse) | Xóa phông | Quay video HD | Quay video Full HD | Quay video 4K | Làm đẹp | Hẹn giờ chụp | HDR | Góc siêu rộng | Chụp ảnh chuyển động | Chụp một chạm | Bộ lọc màu,Wi-Fi Direct | Wi-Fi 802.11 a/b/g/n/ac/ax | MIMO | Dual-band,QZSS | GPS | GLONASS | GALILEO | BDS,v5.3,Type-C,5G,1 Nano SIM & 1 eSIM,Có nghe gọi,,,Ứng dụng kép (Dual Messenger) | Đa cửa sổ | Âm thanh Dolby Atmos | Âm thanh AKG | Vision Booster | Samsung DeX (Giao diện tương tự PC) | Mở rộng bộ nhớ RAM | Mở khóa bằng khuôn mặt | Mở khoá vân tay dưới màn hình | Kết nối bút S Pen | Kết nối bàn phím rời | Không gian thứ hai (Thư mục bảo mật) | HDR10+ | Ghi âm cuộc gọi | Chế độ trẻ em (Samsung Kids) | Chạm 2 lần tắt/mở màn hình | Chia ba màn hình | 4 loa stereo,IP68,Có,Có,8400 mAh,Li-Ion,Sạc pin nhanh | Tiết kiệm pin,45 W,,Nhôm nguyên khối,Dài 254.3 mm - Ngang 165.8 mm - Dày 5.9 mm - Nặng 500 g,07/2023,Samsung,tablet
Samsung Galaxy Tab S10 FE+ WiFi 8GB/128GB,https://cdn.tgdd.vn/Products/Images/522/336740/samsung-galaxy-tab-s10-fe-plus-gray-thumb-600x600.jpg,https://cdnv2.tgdd.vn/mwg-static/tgdd/Products/Images/522/336740/samsung-galaxy-tab-s10-fe-plus-gray-1-638844716187937058-750x500.jpg; https://cdnv2.tgdd.vn/mwg-static/tgdd/Products/Images/522/336740/samsung-galaxy-tab-s10-fe-plus-gray-2-638844716194280493-750x500.jpg; https://cdnv2.tgdd.vn/mwg-static/tgdd/Products/Images/522/336740/samsung-galaxy-tab-s10-fe-plus-gray-3-638844716200249285-750x500.jpg; https://cdnv2.tgdd.vn/mwg-static/tgdd/Products/Images/522/336740/samsung-galaxy-tab-s10-fe-plus-gray-4-638844716206493505-750x500.jpg; https://cdnv2.tgdd.vn/mwg-static/tgdd/Products/Images/522/336740/samsung-galaxy-tab-s10-fe-plus-tem-99-638863580023005270-750x500.jpg,,145900000.0,TFT LCD,1800 x 2880 Pixels,"13.1"" - Tần số quét 90 Hz",Android 15,Exynos 1580 8 nhân,2.9 GHz,Xclipse 540,8 GB,128 GB,106.2 GB,"Micro SD, hỗ trợ tối đa 2 TB",13 MP,4K 2160p@30fps,Bộ lọc màu | Zoom kỹ thuật số | Xóa phông | Quét tài liệu | Tự động lấy nét,12 MP,Xóa phông | Làm đẹp | Bộ lọc màu,Wi-Fi Direct | Wi-Fi 6 | MIMO | Dual-band,QZSS | GPS | GLONASS | GALILEO | BDS,v5.3,Type-C,,,,Type-C,,Xoá vật thể AI | Trợ giúp viết tay AI | Khoanh tròn để tìm kiếm với Google | Giải toán AI | Đa cửa sổ | Âm thanh AKG | Vision Booster | Samsung DeX (Giao diện tương tự PC) | Mở khóa bằng vân tay | Kết nối bút S Pen | Kết nối bàn phím rời,IP68,Có,,10090 mAh,Li-Ion,Sạc pin nhanh | Tiết kiệm pin,45 W,,Nhôm nguyên khối,Dài 300.6 mm - Ngang 194.7 mm - Dày 6 mm - Nặng 664 g,04/2025,Samsung,tablet
Samsung Galaxy Tab S10+ WiFi 12GB/256GB,https://cdn.tgdd.vn/Products/Images/522/322130/samsung-galaxy-tab-s10-plus-gray-thumb-600x600.jpg,https://cdnv2.tgdd.vn/mwg-static/tgdd/Products/Images/522/322130/samsung-galaxy-tab-s10-plus-gray-1-638629870734972892-750x500.jpg; https://cdnv2.tgdd.vn/mwg-static/tgdd/Products/Images/522/322130/samsung-galaxy-tab-s10-plus-gray-2-638629870745557501-750x500.jpg; https://cdnv2.tgdd.vn/mwg-static/tgdd/Products/Images/522/322130/samsung-galaxy-tab-s10-plus-gray-3-638629870751242548-750x500.jpg; https://cdnv2.tgdd.vn/mwg-static/tgdd/Products/Images/522/322130/samsung-galaxy-tab-s10-plus-gray-4-638629870759115237-750x500.jpg; https://cdnv2.tgdd.vn/mwg-static/tgdd/Products/Images/522/322130/samsung-galaxy-tab-s10-plus-gray-5-638629870764681884-750x500.jpg; https://cdnv2.tgdd.vn/mwg-static/tgdd/Products/Images/522/322130/samsung-galaxy-tab-s10-plus-tem-99-638640922250179140-750x500.jpg,,215200000.0,Dynamic AMOLED 2X,1752 x 2800 Pixels,"12.4"" - Tần số quét 120 Hz",Android 14,MediaTek Dimensity 9300+ 8 nhân,3.4 GHz,ARM Immortalis G720,12 GB,256 GB,218.2 GB,"Micro SD, hỗ trợ tối đa 1.5 TB",Chính 13 MP & Phụ 8 MP,4K 2160p@30fps,Đèn Flash | Zoom kỹ thuật số | Xóa phông | Tua nhanh thời gian (Time‑lapse) | Toàn cảnh (Panorama) | Quét tài liệu | Quét mã QR | HDR | Góc siêu rộng | Chuyên nghiệp (Pro) | Tự động lấy nét,12 MP,Trôi nhanh thời gian (Time Lapse) | Xóa phông | Video chân dung | Làm đẹp | Hẹn giờ chụp | Góc rộng | Bộ lọc màu,Wi-Fi Direct | Wi-Fi 802.11 a/b/g/n/ac/ax | Wi-Fi 6E | MIMO | Dual-band,QZSS | GPS | GLONASS | GALILEO | BDS,v5.3,Type-C,,,,Type-C,,Trợ lý phiên dịch | Trợ lý Note quyền năng | Trợ lý ghi âm | Trợ lý chỉnh ảnh | Trợ lý chat thông minh | Trình duyệt thông minh | Khoanh tròn để tìm kiếm với Google | Âm thanh Dolby Atmos | Âm thanh AKG | Samsung DeX (Giao diện tương tự PC) | Phác thảo thông minh | Mở khoá vân tay dưới màn hình | Kết nối bút S Pen | Công nghệ tản nhiệt buồng hơi | Công nghệ Ray Tracing | 4 loa,IP68,Có,Có,10090 mAh,Li-Ion,Sạc pin nhanh | Tiết kiệm pin,45 W,,Nhôm nguyên khối,Dài 285.4 mm - Ngang 185.4 mm - Dày 5.7 mm - Nặng 571 g,10/2024,Samsung,tablet
Samsung Galaxy Tab A9+ 5G 4GB/64GB,https://cdn.tgdd.vn/Products/Images/522/317623/samsung-galaxy-a9-plus-bac-thumb-600x600.jpg,https://cdn.tgdd.vn/Products/Images/522/317623/samsung-galaxy-tab-a9-plus-bac-1-1-750x500.jpg; https://cdn.tgdd.vn/Products/Images/522/317623/samsung-galaxy-tab-a9-plus-bac-2-1-750x500.jpg; https://cdn.tgdd.vn/Products/Images/522/317623/samsung-galaxy-a9-plus-bac-3-1-750x500.jpg; https://cdn.tgdd.vn/Products/Images/522/317623/sansung-galaxy-tab-a9-plus-bac-13-750x500.jpg; https://cdn.tgdd.vn/Products/Images/522/317623/Kit/samsung-galaxy-tab-a9-plus-bbh-org.jpg,,73600000.0,TFT LCD,1200 x 1920 Pixels,"11"" - Tần số quét 90 Hz",Android 13,Snapdragon 695,2.2 GHz,Adreno 619,4 GB,64 GB,45 GB,"Micro SD, hỗ trợ tối đa 1 TB",8 MP,HD 720p@30fps | FullHD 1080p@30fps,Bộ lọc màu | Ánh sáng yếu (Chụp đêm) | Zoom kỹ thuật số | Xóa phông | Tua nhanh thời gian (Time‑lapse) | Toàn cảnh (Panorama) | Quét tài liệu | Quét mã QR | Làm đẹp | HDR | Chụp hẹn giờ | Chuyên nghiệp (Pro) | Tự động lấy nét,5 MP,Trôi nhanh thời gian (Time Lapse) | Xóa phông | Quay video HD | Quay video Full HD | Làm đẹp | Hẹn giờ chụp | HDR | Góc rộng | Flash màn hình | Chụp ban đêm | Bộ lọc màu,Wi-Fi Direct | Wi-Fi 802.11 a/b/g/n/ac | Dual-band,QZSS | GPS | GLONASS | GALILEO | BDS,v5.1,Type-C,5G,1 Nano SIM,Có nghe gọi,3.5 mm,,Ứng dụng kép (Dual Messenger) | Đa cửa sổ | Âm thanh Dolby Atmos | Samsung DeX (Giao diện tương tự PC) | Mở khóa bằng khuôn mặt | Kết nối bàn phím rời | Không gian thứ hai (Thư mục bảo mật) | Chế độ trẻ em (Samsung Kids) | Chạm 2 lần tắt/mở màn hình | 4 loa,,Có,,7040 mAh,Li-Ion,Tiết kiệm pin,15 W,,Nhôm nguyên khối,Dài 257.1 mm - Ngang 168.7 mm - Dày 6.9 mm - Nặng 491 g,10/2023,Samsung,tablet
Samsung Galaxy Tab S10 FE 5G 8GB/128GB,https://cdn.tgdd.vn/Products/Images/522/336738/samsung-galaxy-tab-s10-fe-blue-thumb-600x600.jpg,https://cdnv2.tgdd.vn/mwg-static/tgdd/Products/Images/522/336738/samsung-galaxy-tab-s10-fe-blue-1-638844715476233288-750x500.jpg; https://cdnv2.tgdd.vn/mwg-static/tgdd/Products/Images/522/336738/samsung-galaxy-tab-s10-fe-blue-2-638844715481266343-750x500.jpg; https://cdnv2.tgdd.vn/mwg-static/tgdd/Products/Images/522/336738/samsung-galaxy-tab-s10-fe-blue-3-638844715487272038-750x500.jpg; https://cdnv2.tgdd.vn/mwg-static/tgdd/Products/Images/522/336738/samsung-galaxy-tab-s10-fe-blue-4-638844715493864630-750x500.jpg; https://cdnv2.tgdd.vn/mwg-static/tgdd/Products/Images/522/336738/samsung-galaxy-tab-s10-fe-5g-tem-99-638848073358087806-750x500.jpg,,135900000.0,TFT LCD,1440 x 2304 Pixels,"10.9"" - Tần số quét 90 Hz",Android 15,Exynos 1580 8 nhân,2.9 GHz,Xclipse 540,8 GB,128 GB,106.2 GB,"Micro SD, hỗ trợ tối đa 2 TB",13 MP,4K 2160p@30fps,Bộ lọc màu | Zoom kỹ thuật số | Xóa phông | Quét tài liệu | Tự động lấy nét,12 MP,Xóa phông | Làm đẹp | Bộ lọc màu,Wi-Fi Direct | Wi-Fi 6 | MIMO | Dual-band,QZSS | GPS | GLONASS | GALILEO | BDS,v5.3,Type-C,5G,1 Nano SIM & 1 eSIM,Có nghe gọi,Type-C,,Xoá vật thể AI | Trợ giúp viết tay AI | Khoanh tròn để tìm kiếm với Google | Giải toán AI | Đa cửa sổ | Âm thanh AKG | Vision Booster | Samsung DeX (Giao diện tương tự PC) | Mở khóa bằng vân tay | Kết nối bút S Pen | Kết nối bàn phím rời,IP68,Có,,8000 mAh,Li-Ion,Sạc pin nhanh | Tiết kiệm pin,45 W,,Nhôm nguyên khối,Dài 254.3 mm - Ngang 165.8 mm - Dày 6 mm - Nặng 500 g,04/2025,Samsung,tablet
Samsung Galaxy Tab A9 4G 4GB/64GB,https://cdn.tgdd.vn/Products/Images/522/317621/samsung-galaxy-tab-a9-den-thumb-600x600.jpg,https://cdn.tgdd.vn/Products/Images/522/317621/samsung-galaxy-tab-a9-xam-1-750x500.jpg; https://cdn.tgdd.vn/Products/Images/522/317621/samsung-galaxy-tab-a9-xam-4g-2-750x500.jpg; https://cdn.tgdd.vn/Products/Images/522/317621/samsung-galaxy-tab-a9-xam-4g-3-750x500.jpg; https://cdn.tgdd.vn/Products/Images/522/317621/samsung-galaxy-tab-a9-xam-4g-4-750x500.jpg; https://cdn.tgdd.vn/Products/Images/522/317621/samsung-galaxy-tab-a9-xam-4g-5-750x500.jpg,,49000000.0,TFT LCD,800 x 1340 Pixels,"8.7"" - Tần số quét 60 Hz",Android 13,MediaTek Helio G99,2.2 GHz,Mali-G57 MC2,4 GB,64 GB,45 GB,"Micro SD, hỗ trợ tối đa 1 TB",8 MP,HD 720p@30fps | FullHD 1080p@30fps,Bộ lọc màu | Ánh sáng yếu (Chụp đêm) | Zoom kỹ thuật số | Xóa phông | Tua nhanh thời gian (Time‑lapse) | Toàn cảnh (Panorama) | Quét tài liệu | Quét mã QR | Làm đẹp | Chụp hẹn giờ | Chuyên nghiệp (Pro) | Tự động lấy nét,2 MP,Trôi nhanh thời gian (Time Lapse) | Xóa phông | Quay video HD | Làm đẹp | Hẹn giờ chụp | Góc rộng | Flash màn hình | Chụp ban đêm | Bộ lọc màu,Wi-Fi Direct | Wi-Fi 802.11 a/b/g/n/ac | Dual-band,QZSS | GPS | GLONASS | GALILEO | BDS,v5.3,Type-C,Hỗ trợ 4G,1 Nano SIM,Có nghe gọi,3.5 mm,,Ứng dụng kép (Dual Messenger) | Đa cửa sổ | Âm thanh Dolby Atmos | Mở khóa bằng khuôn mặt | Loa kép | Không gian thứ hai (Thư mục bảo mật) | Chế độ trẻ em (Samsung Kids) | Chạm 2 lần tắt/mở màn hình,,Có,,5100 mAh,Li-Ion,Tiết kiệm pin,15 W,,Nhôm nguyên khối,Dài 211 mm - Ngang 124.7 mm - Dày 8 mm - Nặng 333 g,10/2023,Samsung,tablet
Samsung Galaxy Tab A9+ WiFi 8GB/128GB,https://cdnv2.tgdd.vn/mwg-static/tgdd/Products/Images/522/333481/samsung-galaxy-tab-a9-wifi-8gb-128gb-241224-033419-869-600x600.jpg,https://cdnv2.tgdd.vn/mwg-static/tgdd/Products/Images/522/333481/samsung-galaxy-tab-a9-plus-wifi-xam-1-638716008938467421-750x500.jpg; https://cdnv2.tgdd.vn/mwg-static/tgdd/Products/Images/522/333481/samsung-galaxy-tab-a9-plus-wifi-xam-2-638716008944771157-750x500.jpg; https://cdnv2.tgdd.vn/mwg-static/tgdd/Products/Images/522/333481/samsung-galaxy-tab-a9-plus-wifi-xam-3-638716008951057136-750x500.jpg; https://cdnv2.tgdd.vn/mwg-static/tgdd/Products/Images/522/333481/samsung-galaxy-tab-a9-plus-wifi-xam-4-638716008958056271-750x500.jpg; https://cdnv2.tgdd.vn/mwg-static/tgdd/Products/Images/522/333481/samsung-galaxy-tab-a9-plus-wifi-xam-5-638716008967836421-750x500.jpg,,68700000.0,TFT LCD,1200 x 1920 Pixels,"11"" - Tần số quét 90 Hz",Android 14,Snapdragon 695,2.2 GHz,Adreno 619,8 GB,128 GB,104 GB,"Micro SD, hỗ trợ tối đa 1 TB",8 MP,HD 720p@30fps | FullHD 1080p@30fps,Bộ lọc màu | Ánh sáng yếu (Chụp đêm) | Zoom kỹ thuật số | Xóa phông | Tua nhanh thời gian (Time‑lapse) | Toàn cảnh (Panorama) | Quét tài liệu | Quét mã QR | Làm đẹp | HDR | Chụp hẹn giờ | Chuyên nghiệp (Pro) | Tự động lấy nét,5 MP,Trôi nhanh thời gian (Time Lapse) | Xóa phông | Quay video HD | Quay video Full HD | Làm đẹp | Hẹn giờ chụp | HDR | Góc rộng | Flash màn hình | Chụp ban đêm | Bộ lọc màu,Wi-Fi Direct | Wi-Fi 802.11 a/b/g/n/ac | Dual-band,QZSS | GPS | GLONASS | GALILEO | BDS,v5.1,Type-C,,,,3.5 mm,,Ứng dụng kép (Dual Messenger) | Đa cửa sổ | Âm thanh Dolby Atmos | Samsung DeX (Giao diện tương tự PC) | Mở khóa bằng khuôn mặt | Kết nối bàn phím rời | Không gian thứ hai (Thư mục bảo mật) | Chế độ trẻ em (Samsung Kids) | Chạm 2 lần tắt/mở màn hình | 4 loa,,Có,,7040 mAh,Li-Ion,Tiết kiệm pin,15 W,,Nhôm nguyên khối,Dài 257.1 mm - Ngang 168.7 mm - Dày 6.9 mm - Nặng 480 g,12/2024,Samsung,tablet
Samsung Galaxy Tab S10 FE WiFi 8GB/128GB,https://cdn.tgdd.vn/Products/Images/522/336737/samsung-galaxy-tab-s10-fe-silver-thumb-600x600.jpg,https://cdnv2.tgdd.vn/mwg-static/tgdd/Products/Images/522/336737/samsung-galaxy-tab-s10-fe-sliver-1-638844715383644029-750x500.jpg; https://cdnv2.tgdd.vn/mwg-static/tgdd/Products/Images/522/336737/samsung-galaxy-tab-s10-fe-sliver-2-638844715390078931-750x500.jpg; https://cdnv2.tgdd.vn/mwg-static/tgdd/Products/Images/522/336737/samsung-galaxy-tab-s10-fe-sliver-3-638844715396423830-750x500.jpg; https://cdnv2.tgdd.vn/mwg-static/tgdd/Products/Images/522/336737/samsung-galaxy-tab-s10-fe-sliver-4-638844715402862427-750x500.jpg; https://cdnv2.tgdd.vn/mwg-static/tgdd/Products/Images/522/336737/samsung-galaxy-tab-s10-fe-tem-99-638848073622047916-750x500.jpg,,105900000.0,TFT LCD,1440 x 2304 Pixels,"10.9"" - Tần số quét 90 Hz",Android 15,Exynos 1580 8 nhân,2.9 GHz,Xclipse 540,8 GB,128 GB,106.2 GB,"Micro SD, hỗ trợ tối đa 2 TB",13 MP,4K 2160p@30fps,Bộ lọc màu | Zoom kỹ thuật số | Xóa phông | Quét tài liệu | Tự động lấy nét,12 MP,Xóa phông | Làm đẹp | Bộ lọc màu,Wi-Fi Direct | Wi-Fi 6 | MIMO | Dual-band,QZSS | GPS | GLONASS | GALILEO | BDS,v5.3,Type-C,,,,Type-C,,Xoá vật thể AI | Trợ giúp viết tay AI | Khoanh tròn để tìm kiếm với Google | Giải toán AI | Đa cửa sổ | Âm thanh AKG | Vision Booster | Samsung DeX (Giao diện tương tự PC) | Mở khóa bằng vân tay | Kết nối bút S Pen | Kết nối bàn phím rời,IP68,Có,,8000 mAh,Li-Ion,Sạc pin nhanh | Tiết kiệm pin,45 W,,Nhôm nguyên khối,Dài 254.3 mm - Ngang 165.8 mm - Dày 6 mm - Nặng 497 g,04/2025,Samsung,tablet
Samsung Galaxy Tab S10 Ultra 5G 12GB/256GB,https://cdn.tgdd.vn/Products/Images/522/322132/samsung-galaxy-tab-s10-ultra-gray-thumb-600x600.jpg,https://cdnv2.tgdd.vn/mwg-static/tgdd/Products/Images/522/322132/samsung-galaxy-tab-s10-ultra-gray-1-638642576156419629-750x500.jpg; https://cdnv2.tgdd.vn/mwg-static/tgdd/Products/Images/522/322132/samsung-galaxy-tab-s10-ultra-gray-2-638642576163393588-750x500.jpg; https://cdnv2.tgdd.vn/mwg-static/tgdd/Products/Images/522/322132/samsung-galaxy-tab-s10-ultra-gray-3-638642576169466563-750x500.jpg; https://cdnv2.tgdd.vn/mwg-static/tgdd/Products/Images/522/322132/samsung-galaxy-tab-s10-ultra-gray-4-638642576175942774-750x500.jpg; https://cdnv2.tgdd.vn/mwg-static/tgdd/Products/Images/522/322132/samsung-galaxy-tab-s10-ultra-gray-5-638642576182510923-750x500.jpg; https://cdnv2.tgdd.vn/mwg-static/tgdd/Products/Images/522/322132/samsung-galaxy-tab-s10-ultra-gray-6-638642576189631738-750x500.jpg,,293800000.0,Dynamic AMOLED 2X,1848 x 2960 Pixels,"14.6"" - Tần số quét 120 Hz",Android 14,MediaTek Dimensity 9300+ 8 nhân,3.4 GHz,ARM Immortalis G720,12 GB,256 GB,218.2 GB,"Micro SD, hỗ trợ tối đa 1.5 TB",Chính 13 MP & Phụ 8 MP,4K 2160p@30fps,Đèn Flash | Zoom kỹ thuật số | Xóa phông | Tua nhanh thời gian (Time‑lapse) | Toàn cảnh (Panorama) | Quét tài liệu | Quét mã QR | HDR | Góc siêu rộng | Chuyên nghiệp (Pro) | Tự động lấy nét,2 Camera 12 MP,Trôi nhanh thời gian (Time Lapse) | Xóa phông | Video chân dung | Làm đẹp | Hẹn giờ chụp | Góc rộng | Bộ lọc màu,Wi-Fi Direct | Wi-Fi 802.11 a/b/g/n/ac/ax | MIMO | Dual-band,QZSS | GPS | GLONASS | GALILEO | BDS,v5.3,Type-C,5G,1 Nano SIM & 1 eSIM,Có nghe gọi,Type-C,,Trợ lý phiên dịch | Trợ lý Note quyền năng | Trợ lý ghi âm | Trợ lý chỉnh ảnh | Trình duyệt thông minh | Khoanh tròn để tìm kiếm với Google | Âm thanh Dolby Atmos | Âm thanh AKG | Samsung DeX (Giao diện tương tự PC) | Phác thảo thông minh | Mở khoá vân tay dưới màn hình | Kết nối bút S Pen | Công nghệ tản nhiệt buồng hơi,IP68,Có,Có,11200 mAh,Li-Ion,Sạc pin nhanh | Tiết kiệm pin,45 W,,Nhôm nguyên khối,Dài 326.4 mm - Ngang 208.6 mm - Dày 5.4 mm - Nặng 723 g,10/2024,Samsung,tablet
Samsung Galaxy Tab A11 WiFi 4GB/64GB,https://cdnv2.tgdd.vn/mwg-static/tgdd/Products/Images/522/345546/samsung-galaxy-tab-a11-wifi-4gb-64gb-150925-043206-667-600x600.jpg,,,39900000.0,TFT LCD,800 x 1340 Pixels,"8.7"" - Tần số quét 90 Hz",Android 15,MediaTek Helio G99,2.2 GHz,Mali-G57 MC2,4 GB,64 GB,44.9 GB,"Micro SD, hỗ trợ tối đa 2 TB",8 MP,FullHD 1080p@30fps,Tự động lấy nét,5 MP,,Wi-Fi 5 | Dual-band,QZSS | GPS | GLONASS | GALILEO | BDS,v5.3,Type-C,,,,3.5 mm,,Giải toán AI | Đa cửa sổ | Âm thanh Dolby Atmos | Mở khóa bằng khuôn mặt | Chế độ trẻ em (Samsung Kids),IP52,Có,,5100 mAh,Li-Ion,Tiết kiệm pin,15 W,,Nhôm nguyên khối,Dài 211 mm - Ngang 124.7 mm - Dày 8 mm - Nặng 335 g,09/2025,Samsung,tablet
Samsung Galaxy Tab A11 4G 4GB/64GB,https://cdnv2.tgdd.vn/mwg-static/tgdd/Products/Images/522/345548/samsung-galaxy-tab-a11-4g-4gb-64gb-150925-043412-910-600x600.jpg,,,54900000.0,TFT LCD,800 x 1340 Pixels,"8.7"" - Tần số quét 90 Hz",Android 15,MediaTek Helio G99,2.2 GHz,Mali-G57 MC2,4 GB,64 GB,44.9 GB,"Micro SD, hỗ trợ tối đa 2 TB",8 MP,FullHD 1080p@30fps,Tự động lấy nét,5 MP,,Wi-Fi 5 | Dual-band,QZSS | GPS | GLONASS | GALILEO | BDS,v5.3,Type-C,Hỗ trợ 4G,1 Nano SIM,Có nghe gọi,3.5 mm,,Giải toán AI | Đa cửa sổ | Âm thanh Dolby Atmos | Mở khóa bằng khuôn mặt | Chế độ trẻ em (Samsung Kids),IP52,Có,,5100 mAh,Li-Ion,Tiết kiệm pin,15 W,,Nhôm nguyên khối,Dài 211 mm - Ngang 124.7 mm - Dày 8 mm - Nặng 337 g,09/2025,Samsung,tablet
iPad A16 WiFi 128GB,https://cdn.tgdd.vn/Products/Images/522/335308/ipad-11-wifi-blue-thumb-600x600.jpg,https://cdnv2.tgdd.vn/mwg-static/tgdd/Products/Images/522/335308/ipad-11-a16-blue-1-638772856431636956-750x500.jpg; https://cdnv2.tgdd.vn/mwg-static/tgdd/Products/Images/522/335308/ipad-11-a16-blue-2-638772856437909099-750x500.jpg; https://cdnv2.tgdd.vn/mwg-static/tgdd/Products/Images/522/335308/ipad-11-a16-blue-3-638772856445234430-750x500.jpg; https://cdnv2.tgdd.vn/mwg-static/tgdd/Products/Images/522/335308/ipad-11-a16-blue-4-638772856422892713-750x500.jpg; https://cdnv2.tgdd.vn/mwg-static/tgdd/Products/Images/522/335308/ipad-11-a16-blue-5-638772856451409517-750x500.jpg,,96900000.0,Retina IPS LCD,1640 x 2360 Pixels,"11"" - Tần số quét 60 Hz",iPadOS 18,Apple A16 5 nhân,Hãng không công bố,Apple GPU 4 nhân,6 GB,128 GB,113 GB,,12 MP,4K 2160p@30fps | HD 720p@60fps | HD 720p@30fps | FullHD 1080p@60fps | FullHD 1080p@30fps | FullHD 1080p@25fps | FullHD 1080p@240fps | FullHD 1080p@120fps | 4K 2160p@60fps | 4K 2160p@25fps | 4K 2160p@24fps,Zoom kỹ thuật số | Tua nhanh thời gian (Time‑lapse) | Toàn cảnh (Panorama) | Smart HDR 4 | Quay chậm (Slow Motion) | Gắn thẻ địa lý | Chế độ điện ảnh | Tự động lấy nét,12 MP,Trôi nhanh thời gian (Time Lapse) | Quay video HD | Quay video Full HD | Góc siêu rộng | Flash Retina | Chế độ điện ảnh,Wi-Fi 6 | MIMO | Dual-band,iBeacon | GPS,v5.3,Type-C,,,Nghe gọi qua FaceTime,Type-C,,Âm thanh Dolby Atmos | Trung tâm màn hình | Mở khóa bằng vân tay Touch ID | Kết nối bàn phím rời | Kết nối Apple Pencil 1 | HDR10 | Dolby Vision | Micro kép,,Có,,28.93 Wh,Li-Po,Sạc pin nhanh | Tiết kiệm pin,20 W,20 W,Nhôm nguyên khối,Dài 248.6 mm - Ngang 179.5 mm - Dày 7 mm - Nặng 477 g,03/2025,iPad,tablet
iPad A16 5G 128GB,https://cdn.tgdd.vn/Products/Images/522/335311/ipad-11-5g-sliver-thumb-600x600.jpg,https://cdnv2.tgdd.vn/mwg-static/tgdd/Products/Images/522/335311/ipad-11-a16-5g-silver-1-638772993259004800-750x500.jpg; https://cdnv2.tgdd.vn/mwg-static/tgdd/Products/Images/522/335311/ipad-11-a16-5g-silver-2-638772993265433123-750x500.jpg; https://cdnv2.tgdd.vn/mwg-static/tgdd/Products/Images/522/335311/ipad-11-a16-5g-silver-3-638772993273701364-750x500.jpg; https://cdnv2.tgdd.vn/mwg-static/tgdd/Products/Images/522/335311/ipad-11-a16-5g-silver-4-638772993280723126-750x500.jpg; https://cdnv2.tgdd.vn/mwg-static/tgdd/Products/Images/522/335311/ipad-11-a16-5g-silver-5-638772993286899257-750x500.jpg,,135900000.0,Retina IPS LCD,1640 x 2360 Pixels,"11"" - Tần số quét 60 Hz",iPadOS 18,Apple A16 5 nhân,Hãng không công bố,Apple GPU 4 nhân,6 GB,128 GB,113 GB,,12 MP,4K 2160p@30fps | HD 720p@60fps | HD 720p@30fps | FullHD 1080p@60fps | FullHD 1080p@30fps | FullHD 1080p@25fps | FullHD 1080p@240fps | FullHD 1080p@120fps | 4K 2160p@60fps | 4K 2160p@25fps | 4K 2160p@24fps,Zoom kỹ thuật số | Tua nhanh thời gian (Time‑lapse) | Toàn cảnh (Panorama) | Smart HDR 4 | Quay chậm (Slow Motion) | Gắn thẻ địa lý | Chế độ điện ảnh | Tự động lấy nét,12 MP,Trôi nhanh thời gian (Time Lapse) | Quay video HD | Quay video Full HD | Góc siêu rộng | Flash Retina | Chế độ điện ảnh,Wi-Fi 6 | MIMO | Dual-band,iBeacon | GPS,v5.3,Type-C,5G,eSIM,Nghe gọi qua FaceTime,Type-C,,Âm thanh Dolby Atmos | Trung tâm màn hình | Mở khóa bằng vân tay Touch ID | Kết nối bàn phím rời | Kết nối Apple Pencil 1 | HDR10 | Dolby Vision | Micro kép,,Có,,28.93 Wh,Li-Po,Sạc pin nhanh | Tiết kiệm pin,20 W,20 W,Nhôm nguyên khối,Dài 248.6 mm - Ngang 179.5 mm - Dày 7 mm - Nặng 481 g,03/2025,iPad,tablet
iPad Air M3 11 inch WiFi 128GB,https://cdn.tgdd.vn/Products/Images/522/335267/ipad-air-m3-11-inch-wifi-blue-thumb-600x600.jpg,https://cdnv2.tgdd.vn/mwg-static/tgdd/Products/Images/522/335267/ipad-air-m3-11-inch-wifi-blue-1-638771976490685761-750x500.jpg; https://cdnv2.tgdd.vn/mwg-static/tgdd/Products/Images/522/335267/ipad-air-m3-11-inch-wifi-blue-2-638771976497318014-750x500.jpg; https://cdnv2.tgdd.vn/mwg-static/tgdd/Products/Images/522/335267/ipad-air-m3-11-inch-wifi-blue-3-638771976504741418-750x500.jpg; https://cdnv2.tgdd.vn/mwg-static/tgdd/Products/Images/522/335267/ipad-air-m3-11-inch-wifi-blue-4-638771976510464572-750x500.jpg; https://cdnv2.tgdd.vn/mwg-static/tgdd/Products/Images/522/335267/ipad-air-m3-11-inch-wifi-blue-5-638771976516944238-750x500.jpg; https://cdnv2.tgdd.vn/mwg-static/tgdd/Products/Images/522/335267/ipad-air-m3-11-inch-wifi-blue-6-638771976523671852-750x500.jpg,,162900000.0,Retina IPS LCD,1640 x 2360 Pixels,"11"" - Tần số quét Hãng không công bố",iPadOS 18,Apple M3 8 nhân,Hãng không công bố,Apple GPU 9 nhân,8 GB,128 GB,113 GB,,12 MP,4K 2160p@30fps | HD 720p@30fps | FullHD 1080p@60fps | FullHD 1080p@30fps | FullHD 1080p@25fps | FullHD 1080p@240fps | FullHD 1080p@120fps | 4K 2160p@60fps | 4K 2160p@25fps | 4K 2160p@24fps,Zoom kỹ thuật số | Tua nhanh thời gian (Time‑lapse) | Toàn cảnh (Panorama) | Smart HDR 4 | Quay chậm (Slow Motion) | Live Photos | Gắn thẻ địa lý | Chụp ảnh hàng loạt | Chế độ điện ảnh | Tự động lấy nét,12 MP,Trôi nhanh thời gian (Time Lapse) | Smart HDR 4 | Quay video Full HD | Live Photos | Flash Retina | Chế độ điện ảnh,Wi-Fi 6E | MIMO | Dual-band,iBeacon | GPS,v5.3,Type-C,,,Nghe gọi qua FaceTime,Type-C,,Âm thanh Dolby Atmos | Trung tâm màn hình | Mở khóa bằng vân tay Touch ID | Kết nối bàn phím rời | Kết nối Apple Pencil Pro | HDR10+ | HDR10 | Dolby Vision | DCI-P3 | Micro kép,,Có,,28.93 Wh,Li-Po,Sạc pin nhanh,20 W,20 W,Nhôm nguyên khối,Dài 247.6 mm - Ngang 178.5 mm - Dày 6.1 mm - Nặng 460 g,03/2025,iPad,tablet
iPad mini 7 WiFi 128GB,https://cdn.tgdd.vn/Products/Images/522/331229/ipad-mini-7-wifi-purple-thumb-600x600.jpg,https://cdnv2.tgdd.vn/mwg-static/tgdd/Products/Images/522/331229/ipad-mini-7-wifi-purple-1-638651174600667416-750x500.jpg; https://cdnv2.tgdd.vn/mwg-static/tgdd/Products/Images/522/331229/ipad-mini-7-wifi-purple-2-638651174612580000-750x500.jpg; https://cdnv2.tgdd.vn/mwg-static/tgdd/Products/Images/522/331229/ipad-mini-7-wifi-purple-3-638651174619400915-750x500.jpg; https://cdnv2.tgdd.vn/mwg-static/tgdd/Products/Images/522/331229/ipad-mini-7-wifi-purple-4-638651174626053692-750x500.jpg; https://cdnv2.tgdd.vn/mwg-static/tgdd/Products/Images/522/331229/ipad-mini-7-wifi-purple-5-638651174631426966-750x500.jpg; https://cdnv2.tgdd.vn/mwg-static/tgdd/Products/Images/522/331229/ipad-mini-7-wifi-purple-6-638651174637220630-750x500.jpg,,135900000.0,LED-backlit IPS LCD,1488 x 2266 Pixels,"8.3"" - Tần số quét Hãng không công bố",iPadOS 18,Apple A17 Pro 6 nhân,3.78 GHz,Apple GPU 5 nhân,8 GB,128 GB,113 GB,,12 MP,4K 2160p@30fps | HD 720p@30fps | FullHD 1080p@60fps | FullHD 1080p@30fps | FullHD 1080p@25fps | FullHD 1080p@240fps | FullHD 1080p@120fps | 4K 2160p@60fps | 4K 2160p@25fps | 4K 2160p@24fps,Zoom kỹ thuật số | Tua nhanh thời gian (Time‑lapse) | Toàn cảnh (Panorama) | Smart HDR 4 | Quay chậm (Slow Motion) | Live Photos | Gắn thẻ địa lý | Chụp ảnh hàng loạt | Chống rung EIS | Tự động lấy nét,12 MP,Trôi nhanh thời gian (Time Lapse) | Smart HDR 4 | Quay video Full HD | Live Photos | Chụp ảnh hàng loạt | Chống rung,Wi-Fi 6E | MIMO | iBeacon | Dual-band,GPS | GLONASS,v5.3,Type-C,,,Nghe gọi qua FaceTime,,,Âm thanh Dolby Atmos | Trung tâm màn hình | Mở khóa bằng vân tay Touch ID | Kết nối bàn phím rời | Kết nối Apple Pencil Pro | Kết nối Apple Pencil (USB-C) | Hỗ trợ Apple Intelligence | HDR10+ | HDR10 | Dolby Vision | DCI-P3 | 4 loa stereo,,Có,,19.3 Wh,Li-Po,Sạc pin nhanh | Tiết kiệm pin,20 W,20 W,Nhôm nguyên khối,Dài 195.4 mm - Ngang 134.8 mm - Dày 6.3 mm - Nặng 293 g,10/2024,iPad,tablet
iPad Air M3 13 inch WiFi 128GB,https://cdn.tgdd.vn/Products/Images/522/335275/ipad-air-m3-13-inch-wifi-purple-thumb-600x600.jpg,https://cdnv2.tgdd.vn/mwg-static/tgdd/Products/Images/522/335275/ipad-air-m3-13-inch-wifi-purple-1-638771995475654967-750x500.jpg; https://cdnv2.tgdd.vn/mwg-static/tgdd/Products/Images/522/335275/ipad-air-m3-13-inch-wifi-purple-2-638771995484589733-750x500.jpg; https://cdnv2.tgdd.vn/mwg-static/tgdd/Products/Images/522/335275/ipad-air-m3-13-inch-wifi-purple-3-638771995490474099-750x500.jpg; https://cdnv2.tgdd.vn/mwg-static/tgdd/Products/Images/522/335275/ipad-air-m3-13-inch-wifi-purple-4-638771995497961252-750x500.jpg; https://cdnv2.tgdd.vn/mwg-static/tgdd/Products/Images/522/335275/ipad-air-m3-13-inch-wifi-purple-5-638771995504748956-750x500.jpg; https://cdnv2.tgdd.vn/mwg-static/tgdd/Products/Images/522/335275/ipad-air-m3-13-inch-wifi-purple-6-638771995515267043-750x500.jpg,,215900000.0,Retina IPS LCD,2048 x 2732 Pixels,"13"" - Tần số quét Hãng không công bố",iPadOS 18,Apple M3 8 nhân,Hãng không công bố,Apple GPU 9 nhân,8 GB,128 GB,113 GB,,12 MP,4K 2160p@30fps | HD 720p@30fps | FullHD 1080p@60fps | FullHD 1080p@30fps | FullHD 1080p@25fps | FullHD 1080p@240fps | FullHD 1080p@120fps | 4K 2160p@60fps | 4K 2160p@25fps | 4K 2160p@24fps,Zoom kỹ thuật số | Tua nhanh thời gian (Time‑lapse) | Toàn cảnh (Panorama) | Smart HDR 4 | Quay chậm (Slow Motion) | Live Photos | Gắn thẻ địa lý | Chụp ảnh hàng loạt | Chế độ điện ảnh | Tự động lấy nét,12 MP,Trôi nhanh thời gian (Time Lapse) | Smart HDR 4 | Quay video Full HD | Live Photos | Flash Retina | Chế độ điện ảnh,Wi-Fi 6E | MIMO | Dual-band,iBeacon | GPS,v5.3,Type-C,,,Nghe gọi qua FaceTime,Type-C,,Âm thanh Dolby Atmos | Trung tâm màn hình | Mở khóa bằng vân tay Touch ID | Kết nối bàn phím rời | Kết nối Apple Pencil Pro | HDR10+ | HDR10 | Dolby Vision | DCI-P3 | Micro kép,,Có,,36.59 Wh,Li-Po,Sạc pin nhanh,20 W,20 W,Nhôm nguyên khối,Dài 280.6 mm - Ngang 214.9 mm - Dày 6.1 mm - Nặng 616 g,03/2025,iPad,tablet
iPad Pro M4 11 inch WiFi 256GB,https://cdn.tgdd.vn/Products/Images/522/325513/ipad-pro-11-inch-m4-wifi-black-thumb-600x600.jpg,https://cdn.tgdd.vn/Products/Images/522/325513/ipad-pro-11-inch-m4-wifi-black-1-750x500.jpg; https://cdn.tgdd.vn/Products/Images/522/325513/ipad-pro-11-inch-m4-wifi-black-2-750x500.jpg; https://cdn.tgdd.vn/Products/Images/522/325513/ipad-pro-11-inch-m4-wifi-black-3-750x500.jpg; https://cdn.tgdd.vn/Products/Images/522/325513/ipad-pro-m4-11-inch-wifi-256gb-tem-99-750x500.jpg,,268900000.0,Ultra Retina XDR,1668 x 2420 Pixels,"11"" - Tần số quét 120 Hz",iPadOS 17,Apple M4 9 nhân,Hãng không công bố,Apple GPU 10 nhân,8 GB,256 GB,241 GB,,12 MP,4K 2160p@30fps | HD 720p@30fps | FullHD 1080p@60fps | FullHD 1080p@30fps | FullHD 1080p@25fps | FullHD 1080p@240fps | FullHD 1080p@120fps | 4K 2160p@60fps | 4K 2160p@25fps | 4K 2160p@24fps,Zoom kỹ thuật số | Xóa phông | Tua nhanh thời gian (Time‑lapse) | Toàn cảnh (Panorama) | Smart HDR 4 | Quay video ProRes | Quay chậm (Slow Motion) | Live Photos | Gắn thẻ địa lý | Góc rộng | Chụp ảnh hàng loạt | Tự động lấy nét,12 MP,Trôi nhanh thời gian (Time Lapse) | Xóa phông | Smart HDR 4 | Quay video Full HD | Live Photos | Góc siêu rộng | Flash màn hình | Chụp ảnh hàng loạt,Wi-Fi 6E | MIMO | Dual-band,iBeacon | GPS,v5.3,Type-C,,,Nghe gọi qua FaceTime,Type-C,,Âm thanh Dolby Atmos | Trung tâm màn hình | Nam châm & sạc cho Apple Pencil Pro | Mở khóa bằng khuôn mặt (Face ID) | Kết nối bàn phím rời | Kết nối Apple Pencil Pro | HDR10 | Dolby Vision | DCI-P3 | Công nghệ True Tone | 4 micro | 4 loa stereo,,Có,,31.29 Wh,Li-Po,Sạc pin nhanh,20 W,20 W,Nhôm nguyên khối,Dài 249.7 mm - Ngang 177.5 mm - Dày 5.3 mm - Nặng 444 g,05/2024,iPad,tablet
iPad Pro M4 13 inch WiFi 256GB,https://cdn.tgdd.vn/Products/Images/522/325517/ipad-pro-13-inch-m4-wifi-black-thumb-600x600.jpg,https://cdn.tgdd.vn/Products/Images/522/325517/ipad-pro-13-inch-m4-wifi-black-1-750x500.jpg; https://cdn.tgdd.vn/Products/Images/522/325517/ipad-pro-13-inch-m4-wifi-black-2-750x500.jpg; https://cdn.tgdd.vn/Products/Images/522/325517/ipad-pro-13-inch-m4-wifi-black-3-750x500.jpg; https://cdn.tgdd.vn/Products/Images/522/325517/ipad-pro-m4-13-inch-wifi-256gb-tem-99-750x500.jpg,,360900000.0,Ultra Retina XDR,2064 x 2752 Pixels,"13"" - Tần số quét 120 Hz",iPadOS 17,Apple M4 9 nhân,Hãng không công bố,Apple GPU 10 nhân,8 GB,256 GB,241 GB,,12 MP,4K 2160p@30fps | HD 720p@30fps | FullHD 1080p@60fps | FullHD 1080p@30fps | FullHD 1080p@25fps | FullHD 1080p@240fps | FullHD 1080p@120fps | 4K 2160p@60fps | 4K 2160p@25fps | 4K 2160p@24fps,Zoom kỹ thuật số | Xóa phông | Tua nhanh thời gian (Time‑lapse) | Toàn cảnh (Panorama) | Smart HDR 4 | Quay video ProRes | Quay chậm (Slow Motion) | Live Photos | Gắn thẻ địa lý | Góc rộng | Chụp ảnh hàng loạt | Tự động lấy nét,12 MP,Trôi nhanh thời gian (Time Lapse) | Xóa phông | Smart HDR 4 | Quay video Full HD | Live Photos | Góc siêu rộng | Flash màn hình | Chụp ảnh hàng loạt,Wi-Fi 6E | MIMO | Dual-band,iBeacon | GPS,v5.3,Type-C,,,Nghe gọi qua FaceTime,Type-C,,Âm thanh Dolby Atmos | Trung tâm màn hình | Nam châm & sạc cho Apple Pencil | Mở khóa bằng khuôn mặt (Face ID) | Kết nối bàn phím rời | Kết nối Apple Pencil Pro | HDR10 | Dolby Vision | DCI-P3 | Công nghệ True Tone | 4 micro | 4 loa stereo,,Có,,38.99 Wh,Li-Po,Sạc pin nhanh,20 W,20 W,Nhôm nguyên khối,Dài 281.6 mm - Ngang 215.5 mm - Dày 5.1 mm - Nặng 579 g,05/2024,iPad,tablet
iPad mini 7 5G 128GB,https://cdn.tgdd.vn/Products/Images/522/331232/ipad-mini-7-5g-starlight-thumb-600x600.jpg,https://cdnv2.tgdd.vn/mwg-static/tgdd/Products/Images/522/331232/ipad-mini-7-5g-starlight-1-638651197289736038-750x500.jpg; https://cdnv2.tgdd.vn/mwg-static/tgdd/Products/Images/522/331232/ipad-mini-7-5g-starlight-2-638651197295522341-750x500.jpg; https://cdnv2.tgdd.vn/mwg-static/tgdd/Products/Images/522/331232/ipad-mini-7-5g-starlight-3-638651197300608549-750x500.jpg; https://cdnv2.tgdd.vn/mwg-static/tgdd/Products/Images/522/331232/ipad-mini-7-5g-starlight-4-638651197306684169-750x500.jpg; https://cdnv2.tgdd.vn/mwg-static/tgdd/Products/Images/522/331232/ipad-mini-7-5g-starlight-5-638651197316352266-750x500.jpg; https://cdnv2.tgdd.vn/mwg-static/tgdd/Products/Images/522/331232/ipad-mini-7-5g-starlight-6-638651197322125053-750x500.jpg,,174900000.0,LED-backlit IPS LCD,1488 x 2266 Pixels,"8.3"" - Tần số quét Hãng không công bố",iPadOS 18,Apple A17 Pro 6 nhân,3.78 GHz,Apple GPU 5 nhân,8 GB,128 GB,113 GB,,12 MP,4K 2160p@30fps | HD 720p@30fps | FullHD 1080p@60fps | FullHD 1080p@30fps | FullHD 1080p@25fps | FullHD 1080p@240fps | FullHD 1080p@120fps | 4K 2160p@60fps | 4K 2160p@25fps | 4K 2160p@24fps,Zoom kỹ thuật số | Tua nhanh thời gian (Time‑lapse) | Toàn cảnh (Panorama) | Smart HDR 4 | Quay chậm (Slow Motion) | Live Photos | Gắn thẻ địa lý | Chụp ảnh hàng loạt | Chống rung EIS | Tự động lấy nét,12 MP,Trôi nhanh thời gian (Time Lapse) | Smart HDR 4 | Quay video Full HD | Live Photos | Chụp ảnh hàng loạt | Chống rung,Wi-Fi 6E | MIMO | iBeacon | Dual-band,GPS | GLONASS,v5.3,Type-C,5G,eSIM,Nghe gọi qua FaceTime,,,Âm thanh Dolby Atmos | Trung tâm màn hình | Mở khóa bằng vân tay Touch ID | Kết nối bàn phím rời | Kết nối Apple Pencil Pro | Kết nối Apple Pencil (USB-C) | Hỗ trợ Apple Intelligence | HDR10+ | HDR10 | Dolby Vision | DCI-P3 | 4 loa stereo,,Có,,19.3 Wh,Li-Po,Sạc pin nhanh | Tiết kiệm pin,20 W,20 W,Nhôm nguyên khối,Dài 195.4 mm - Ngang 134.8 mm - Dày 6.3 mm - Nặng 297 g,10/2024,iPad,tablet
iPad Air M3 13 inch 5G 128GB,https://cdn.tgdd.vn/Products/Images/522/335279/ipad-air-m3-13-inch-5g-purple-thumb-600x600.jpg,https://cdnv2.tgdd.vn/mwg-static/tgdd/Products/Images/522/335279/ipad-air-m3-13-inch-5g-purple-1-638772002398398923-750x500.jpg; https://cdnv2.tgdd.vn/mwg-static/tgdd/Products/Images/522/335279/ipad-air-m3-13-inch-5g-purple-2-638772002404520888-750x500.jpg; https://cdnv2.tgdd.vn/mwg-static/tgdd/Products/Images/522/335279/ipad-air-m3-13-inch-5g-purple-3-638772002410123122-750x500.jpg; https://cdnv2.tgdd.vn/mwg-static/tgdd/Products/Images/522/335279/ipad-air-m3-13-inch-5g-purple-4-638772002416480216-750x500.jpg; https://cdnv2.tgdd.vn/mwg-static/tgdd/Products/Images/522/335279/ipad-air-m3-13-inch-5g-purple-5-638772002423141913-750x500.jpg; https://cdnv2.tgdd.vn/mwg-static/tgdd/Products/Images/522/335279/ipad-air-m3-13-inch-5g-purple-6-638772002430366547-750x500.jpg,,245900000.0,Retina IPS LCD,2048 x 2732 Pixels,"13"" - Tần số quét Hãng không công bố",iPadOS 18,Apple M3 8 nhân,Hãng không công bố,Apple GPU 9 nhân,8 GB,128 GB,113 GB,,12 MP,4K 2160p@30fps | HD 720p@30fps | FullHD 1080p@60fps | FullHD 1080p@30fps | FullHD 1080p@25fps | FullHD 1080p@240fps | FullHD 1080p@120fps | 4K 2160p@60fps | 4K 2160p@25fps | 4K 2160p@24fps,Zoom kỹ thuật số | Tua nhanh thời gian (Time‑lapse) | Toàn cảnh (Panorama) | Smart HDR 4 | Quay chậm (Slow Motion) | Live Photos | Gắn thẻ địa lý | Chụp ảnh hàng loạt | Chế độ điện ảnh | Tự động lấy nét,12 MP,Trôi nhanh thời gian (Time Lapse) | Smart HDR 4 | Quay video Full HD | Live Photos | Flash Retina | Chế độ điện ảnh,Wi-Fi 6E | MIMO | Dual-band,iBeacon | GPS,v5.3,Type-C,5G,eSIM,Nghe gọi qua FaceTime,Type-C,,Âm thanh Dolby Atmos | Trung tâm màn hình | Mở khóa bằng vân tay Touch ID | Kết nối bàn phím rời | Kết nối Apple Pencil Pro | HDR10+ | HDR10 | Dolby Vision | DCI-P3 | Micro kép,,Có,,36.59 Wh,Li-Po,Sạc pin nhanh,20 W,20 W,Nhôm nguyên khối,Dài 280.6 mm - Ngang 214.9 mm - Dày 6.1 mm - Nặng 617 g,03/2025,iPad,tablet
iPad Pro M4 13 inch 5G 256GB,https://cdn.tgdd.vn/Products/Images/522/325534/ipad-pro-13-inch-m4-lte-black-thumb-600x600.jpg,https://cdn.tgdd.vn/Products/Images/522/325534/ipad-pro-13-inch-m4-lte-black-1-750x500.jpg; https://cdn.tgdd.vn/Products/Images/522/325534/ipad-pro-13-inch-m4-lte-black-2-750x500.jpg; https://cdn.tgdd.vn/Products/Images/522/325534/ipad-pro-13-inch-m4-lte-black-3-750x500.jpg; https://cdn.tgdd.vn/Products/Images/522/325534/ipad-pro-m4-13-inch-wifi-cellular-256gb-tem-99-750x500.jpg,,405900000.0,Ultra Retina XDR,2064 x 2752 Pixels,"13"" - Tần số quét 120 Hz",iPadOS 17,Apple M4 9 nhân,Hãng không công bố,Apple GPU 10 nhân,8 GB,256 GB,241 GB,,12 MP,4K 2160p@30fps | HD 720p@30fps | FullHD 1080p@60fps | FullHD 1080p@30fps | FullHD 1080p@25fps | FullHD 1080p@240fps | FullHD 1080p@120fps | 4K 2160p@60fps | 4K 2160p@25fps | 4K 2160p@24fps,Zoom kỹ thuật số | Xóa phông | Tua nhanh thời gian (Time‑lapse) | Toàn cảnh (Panorama) | Smart HDR 4 | Quay video ProRes | Quay chậm (Slow Motion) | Live Photos | Gắn thẻ địa lý | Góc rộng | Chụp ảnh hàng loạt | Tự động lấy nét,12 MP,Trôi nhanh thời gian (Time Lapse) | Xóa phông | Smart HDR 4 | Quay video Full HD | Live Photos | Góc siêu rộng | Flash màn hình | Chụp ảnh hàng loạt,Wi-Fi hotspot | Wi-Fi 6E | MIMO | Dual-band,iBeacon | GPS,v5.3,Type-C,5G,eSIM,Nghe gọi qua FaceTime,Type-C,,Âm thanh Dolby Atmos | Trung tâm màn hình | Nam châm & sạc cho Apple Pencil Pro | Mở khóa bằng khuôn mặt (Face ID) | Kết nối bàn phím rời | Kết nối Apple Pencil Pro | HDR10 | Dolby Vision | DCI-P3 | Công nghệ True Tone | 4 micro | 4 loa stereo,,Có,,38.99 Wh,Li-Po,Sạc pin nhanh,20 W,20 W,Nhôm nguyên khối,Dài 281.6 mm - Ngang 215.5 mm - Dày 5.1 mm - Nặng 582 g,05/2024,iPad,tablet
iPad Air 6 M2 11 inch 5G 1TB,https://cdn.tgdd.vn/Products/Images/522/325524/ipad-air-11-inch-m2-lte-purple-thumb-600x600.jpg,https://cdn.tgdd.vn/Products/Images/522/325524/ipad-air-11-inch-m2-lte-purple-1-750x500.jpg; https://cdn.tgdd.vn/Products/Images/522/325524/ipad-air-11-inch-m2-lte-purple-2-750x500.jpg; https://cdn.tgdd.vn/Products/Images/522/325524/ipad-air-11-inch-m2-lte-purple-3-750x500.jpg; https://cdn.tgdd.vn/Products/Images/522/325524/ipad-air-m2-11-inch-wifi-cellular-1tb-tem-99-3-750x500.jpg,,283900000.0,Retina IPS LCD,1640 x 2360 Pixels,"11"" - Tần số quét Hãng không công bố",iPadOS 17,Apple M2 8 nhân,Hãng không công bố,Apple GPU 9 nhân,8 GB,1 TB,1009 GB,,12 MP,4K 2160p@30fps | HD 720p@30fps | FullHD 1080p@60fps | FullHD 1080p@30fps | FullHD 1080p@25fps | FullHD 1080p@240fps | FullHD 1080p@120fps | 4K 2160p@60fps | 4K 2160p@25fps | 4K 2160p@24fps,Zoom kỹ thuật số | Tua nhanh thời gian (Time‑lapse) | Toàn cảnh (Panorama) | Smart HDR 4 | Quay chậm (Slow Motion) | Live Photos | Gắn thẻ địa lý | Góc rộng | Chụp ảnh hàng loạt | Tự động lấy nét,12 MP,Trôi nhanh thời gian (Time Lapse) | Smart HDR 4 | Quay video Full HD | Live Photos | Góc siêu rộng | Flash màn hình,Wi-Fi hotspot | Wi-Fi 6E | MIMO | Dual-band,iBeacon | GPS,v5.3,Type-C,5G,eSIM,Nghe gọi qua FaceTime,Type-C,,Âm thanh Dolby Atmos | Trung tâm màn hình | Nam châm & sạc cho Apple Pencil Pro | Mở khóa bằng vân tay Touch ID | Kết nối bàn phím rời | Kết nối Apple Pencil Pro | HDR10 | Dolby Vision | DCI-P3 | Công nghệ True Tone | Micro kép,,Có,,28.93 Wh,Li-Po,Sạc pin nhanh,20 W,20 W,Nhôm nguyên khối,Dài 247.6 mm - Ngang 178.5 mm - Dày 6.1 mm - Nặng 462 g,05/2024,iPad,tablet
iPad Air 6 M2 13 inch WiFi 256GB,https://cdn.tgdd.vn/Products/Images/522/325507/ipad-air-13-inch-m2-wifi-kem-thumb-600x600.jpg,https://cdn.tgdd.vn/Products/Images/522/325507/ipad-air-13-inch-m2-wifi-kem-1-750x500.jpg; https://cdn.tgdd.vn/Products/Images/522/325507/ipad-air-13-inch-m2-wifi-kem-2-750x500.jpg; https://cdn.tgdd.vn/Products/Images/522/325507/ipad-air-13-inch-m2-wifi-kem-3-750x500.jpg; https://cdn.tgdd.vn/Products/Images/522/325507/ipad-air-m2-13-inch-wifi-256gb-tem-99-2-750x500.jpg,,210900000.0,Retina IPS LCD,2048 x 2732 Pixels,"13"" - Tần số quét Hãng không công bố",iPadOS 17,Apple M2 8 nhân,Hãng không công bố,Apple GPU 9 nhân,8 GB,256 GB,241 GB,,12 MP,4K 2160p@30fps | HD 720p@30fps | FullHD 1080p@60fps | FullHD 1080p@30fps | FullHD 1080p@25fps | FullHD 1080p@240fps | FullHD 1080p@120fps | 4K 2160p@60fps | 4K 2160p@25fps | 4K 2160p@24fps,Zoom kỹ thuật số | Tua nhanh thời gian (Time‑lapse) | Toàn cảnh (Panorama) | Smart HDR 4 | Quay chậm (Slow Motion) | Live Photos | Gắn thẻ địa lý | Góc rộng | Chụp ảnh hàng loạt | Tự động lấy nét,12 MP,Trôi nhanh thời gian (Time Lapse) | Smart HDR 4 | Quay video Full HD | Live Photos | Góc siêu rộng | Flash màn hình,Wi-Fi 6E | MIMO | Dual-band,iBeacon | GPS,v5.3,Type-C,,,Nghe gọi qua FaceTime,Type-C,,Âm thanh Dolby Atmos | Trung tâm màn hình | Nam châm & sạc cho Apple Pencil Pro | Mở khóa bằng vân tay Touch ID | Kết nối bàn phím rời | Kết nối Apple Pencil Pro | HDR10 | Dolby Vision | DCI-P3 | Công nghệ True Tone | Micro kép,,Có,,36.59 Wh,Li-Po,Sạc pin nhanh,20 W,20 W,Nhôm nguyên khối,Dài 280.6 mm - Ngang 214.9 mm - Dày 6.1 mm - Nặng 617 g,05/2024,iPad,tablet
OPPO Pad SE WiFi màn hình nhám 4GB/128GB,https://cdn.tgdd.vn/Products/Images/522/339287/oppo-pad-se-sliver-thumb-600x600.jpg,https://cdnv2.tgdd.vn/mwg-static/tgdd/Products/Images/522/339287/oppo-pad-se-nham-bac-1-638889655186313001-750x500.jpg; https://cdnv2.tgdd.vn/mwg-static/tgdd/Products/Images/522/339287/oppo-pad-se-nham-bac-2-638889655194489538-750x500.jpg; https://cdnv2.tgdd.vn/mwg-static/tgdd/Products/Images/522/339287/oppo-pad-se-nham-bac-3-638889655202340630-750x500.jpg; https://cdnv2.tgdd.vn/mwg-static/tgdd/Products/Images/522/339287/oppo-pad-se-nham-bac-4-638889655209739257-750x500.jpg; https://cdnv2.tgdd.vn/mwg-static/tgdd/Products/Images/522/339287/oppo-pad-se-nham-bac-5-638889655216025344-750x500.jpg; https://cdnv2.tgdd.vn/mwg-static/tgdd/Products/Images/522/339287/oppo-pad-se-nham-bac-6-638889655222238643-750x500.jpg,,58900000.0,IPS LCD,1200 x 2000 Pixels,"11.35"" - Tần số quét 90 Hz",Android 15,MediaTek Helio G100 8 nhân,2 nhân 2.2 GHz & 6 nhân 2 GHz,Adreno 610,4 GB,128 GB,103.8 GB,,5 MP,HD 720p@30fps | FullHD 1080p@30fps,Tua nhanh thời gian (Time‑lapse) | Toàn cảnh (Panorama) | Nhãn dán (AR Stickers) | Tự động lấy nét,5 MP,Trôi nhanh thời gian (Time Lapse) | Toàn cảnh (Panorama) | Quay video HD | Quay video Full HD | Nhãn dán (AR Stickers) | Làm đẹp | Flash màn hình,Wi-Fi Display | Wi-Fi 802.11 a/b/g/n | Wi-Fi 5 | Dual-band,,v5.0,Type-C,,,,Type-C,OTG,Xoá vật thể AI | Xoá phản chiếu AI | Tăng cường độ nét AI | Tóm tắt tài liệu AI | Trợ lý viết AI | Trợ lý Google Gemini | Làm rõ ảnh mờ AI | Dịch văn bản AI | Âm thanh Hi-Res Audio | Mở khóa bằng khuôn mặt | Chế độ trẻ em,IPX2,Có,,9340 mAh,Li-Po,SUPERVOOC | Tiết kiệm pin,33 W,,Khung nhựa & Mặt lưng hợp kim nhôm,Dài 254.91 mm - Ngang 166.46 mm - Dày 7.39 mm - Nặng 527 g,07/2025,OPPO,tablet
OPPO Pad Neo WiFi 6GB/128GB,https://cdn.tgdd.vn/Products/Images/522/322613/oppo-pad-neo-6gb-thumb-1-600x600.jpg,https://cdn.tgdd.vn/Products/Images/522/322613/oppo-pad-neo-xam-1-750x500.jpg; https://cdn.tgdd.vn/Products/Images/522/322613/oppo-pad-neo-xam-2-750x500.jpg; https://cdn.tgdd.vn/Products/Images/522/322613/oppo-pad-neo-xam-3-750x500.jpg; https://cdn.tgdd.vn/Products/Images/522/322613/oppo-pad-neo-xam-4-750x500.jpg; https://cdn.tgdd.vn/Products/Images/522/322613/oppo-pad-neo-xam-5-750x500.jpg,,65700000.0,IPS LCD,1720 x 2408 Pixels,"11.4"" - Tần số quét 90 Hz",Android 13,MediaTek Helio G99,2.2 GHz,Mali-G57 MC2,6 GB,128 GB,109 GB,"Micro SD, hỗ trợ tối đa 1 TB",8 MP,HD 720p@30fps | FullHD 1080p@30fps,Bộ lọc màu | Zoom kỹ thuật số | Tua nhanh thời gian (Time‑lapse) | Toàn cảnh (Panorama) | Quét tài liệu | Quét mã QR | Nhãn dán (AR Stickers) | Làm đẹp | HDR | Chụp hẹn giờ | Chống rung EIS | Camera AI | Tự động lấy nét,8 MP,Trôi nhanh thời gian (Time Lapse) | Toàn cảnh (Panorama) | Xóa phông | Quay video HD | Quay video Full HD | Nhãn dán (AR Stickers) | Làm đẹp | Hẹn giờ chụp | HDR | Flash màn hình,Wi-Fi Direct | Wi-Fi 802.11 a/b/g/n/ac | Dual-band,GPS | GLONASS | GALILEO | BDS,v5.2 | LE | A2DP,Type-C,,,,Type-C,OTG,Ứng dụng kép (Nhân bản ứng dụng) | Đa cửa sổ | Âm thanh Hi-Res Audio | Âm thanh Dolby Atmos | Trợ lý ảo Google | Thanh bên thông minh | Mở khóa bằng khuôn mặt | Khoá ứng dụng | Chạm 2 lần tắt/mở màn hình | 4 loa,,Có,,8000 mAh,Li-Po,SUPERVOOC | Siêu tiết kiệm pin | Tiết kiệm pin,33 W,33 W,"Khung kim loại & Mặt lưng kính, nhôm",Dài 255.12 mm - Ngang 188.04 mm - Dày 6.89 mm - Nặng 538 g,01/2024,OPPO,tablet
OPPO Pad 3 8GB/256GB,https://cdnv2.tgdd.vn/mwg-static/tgdd/Products/Images/522/333917/oppo-pad-3-bac-thumb-638725440842878647-600x600.jpg,https://cdnv2.tgdd.vn/mwg-static/tgdd/Products/Images/522/333917/oppo-pad-3-bac-1-638752291535045860-750x500.jpg; https://cdnv2.tgdd.vn/mwg-static/tgdd/Products/Images/522/333917/oppo-pad-3-bac-2-638752291541808770-750x500.jpg; https://cdnv2.tgdd.vn/mwg-static/tgdd/Products/Images/522/333917/oppo-pad-3-bac-3-638752291548090186-750x500.jpg; https://cdnv2.tgdd.vn/mwg-static/tgdd/Products/Images/522/333917/oppo-pad-3-bac-4-638752291553445509-750x500.jpg; https://cdnv2.tgdd.vn/mwg-static/tgdd/Products/Images/522/333917/oppo-pad-3-bac-5-638752291561912238-750x500.jpg,,106800000.0,LTPS LCD,2000 x 2800 Pixels,"11.61"" - Tần số quét 144 Hz",Android 15,MediaTek Dimensity 8350 8 nhân,3.35 GHz,Mali-G615 MC6,8 GB,256 GB,230 GB,,8 MP,4K 2160p@30fps | FullHD 1080p@30fps,Zoom kỹ thuật số | Xóa phông | Tua nhanh thời gian (Time‑lapse) | Toàn cảnh (Panorama) | Quét tài liệu | Nhãn dán (AR Stickers) | Làm đẹp,8 MP,Trôi nhanh thời gian (Time Lapse) | Toàn cảnh (Panorama) | Nhãn dán (AR Stickers),Wi-Fi 6 | Wi-Fi 5 | Dual-band | 6 GHz,,v5.4,Type-C,,,,Type-C,OTG,Mở khóa bằng khuôn mặt | Cửa sổ nổi | Chạm 2 lần tắt/mở màn hình | Chia đôi màn hình,IPX2,,,9520 mAh,Li-Po,SUPERVOOC | Tiết kiệm pin,67 W,,Kim loại nguyên khối,Dài 257.75 mm - Ngang 189.11 mm - Dày 6.29 mm - Nặng 536 g,01/2025,OPPO,tablet
OPPO Pad 3 Pro 12GB/256GB,https://cdn.tgdd.vn/Products/Images/522/332555/oppo-pad-3-pro-thumb-600x600.jpg,https://cdnv2.tgdd.vn/mwg-static/tgdd/Products/Images/522/332555/oppo-pad-3-pro-1-638696204249303590-750x500.jpg; https://cdnv2.tgdd.vn/mwg-static/tgdd/Products/Images/522/332555/oppo-pad-3-pro-2-638696204256271529-750x500.jpg; https://cdnv2.tgdd.vn/mwg-static/tgdd/Products/Images/522/332555/oppo-pad-3-pro-3-638696204266102276-750x500.jpg; https://cdnv2.tgdd.vn/mwg-static/tgdd/Products/Images/522/332555/oppo-pad-3-pro-4-638696204273858089-750x500.jpg; https://cdnv2.tgdd.vn/mwg-static/tgdd/Products/Images/522/332555/oppo-pad-3-pro-5-638696204282163006-750x500.jpg,,155900000.0,LTPS LCD,2120 x 3000 Pixels,"12.1"" - Tần số quét 144 Hz",Android 14,Snapdragon 8 Gen 3 8 nhân,3.4 GHz,Adreno 750,12 GB,256 GB,230 GB,,13 MP,HD 720p@30fps | FullHD 1080p@30fps | 4K 2160p@30fps,Ánh sáng yếu (Chụp đêm) | Zoom kỹ thuật số | Tua nhanh thời gian (Time‑lapse) | Toàn cảnh (Panorama) | Quét tài liệu | Nhãn dán (AR Stickers) | Làm đẹp | Chống rung EIS,8 MP,Trôi nhanh thời gian (Time Lapse) | Toàn cảnh (Panorama) | Xóa phông | Quay video HD | Quay video Full HD | Nhãn dán (AR Stickers) | Làm đẹp,Wi-Fi 802.11 a/b/g/n | Wi-Fi 7 | Wi-Fi 6 | Wi-Fi 5 | Dual-band | 6 GHz,,v5.4,Type-C,,,,Type-C,OTG,Âm thanh Hi-Res Audio | Thanh bên thông minh | Mở khóa bằng khuôn mặt | Dolby Vision | DCI-P3 | Chạm 2 lần tắt/mở màn hình | Chia đôi màn hình | 8 loa,IPX2,,,9510 mAh,Li-Po,SUPERVOOC | Tiết kiệm pin,67 W,,Kim loại nguyên khối,Dài 268.66 mm - Ngang 195.06 mm - Dày 6.49 mm - Nặng 586 g,12/2024,OPPO,tablet
OPPO Pad SE WiFi 4GB/128GB,https://cdn.tgdd.vn/Products/Images/522/339285/oppo-pad-se-blue-thumb-600x600.jpg,https://cdnv2.tgdd.vn/mwg-static/tgdd/Products/Images/522/339285/oppo-pad-se-xanh-1-638889640017027283-750x500.jpg; https://cdnv2.tgdd.vn/mwg-static/tgdd/Products/Images/522/339285/oppo-pad-se-xanh-2-638889640023412908-750x500.jpg; https://cdnv2.tgdd.vn/mwg-static/tgdd/Products/Images/522/339285/oppo-pad-se-xanh-3-638889640029868213-750x500.jpg; https://cdnv2.tgdd.vn/mwg-static/tgdd/Products/Images/522/339285/oppo-pad-se-xanh-4-638889640036738493-750x500.jpg; https://cdnv2.tgdd.vn/mwg-static/tgdd/Products/Images/522/339285/oppo-pad-se-xanh-5-638889640043671795-750x500.jpg; https://cdnv2.tgdd.vn/mwg-static/tgdd/Products/Images/522/339285/oppo-pad-se-xanh-6-638889640049703595-750x500.jpg,,54000000.0,IPS LCD,1200 x 2000 Pixels,"11.35"" - Tần số quét 90 Hz",Android 15,MediaTek Helio G100 8 nhân,2 nhân 2.2 GHz & 6 nhân 2 GHz,Mali-G57 MC2,4 GB,128 GB,103.8 GB,,5 MP,HD 720p@30fps | FullHD 1080p@30fps,Tua nhanh thời gian (Time‑lapse) | Toàn cảnh (Panorama) | Nhãn dán (AR Stickers) | Tự động lấy nét,5 MP,Trôi nhanh thời gian (Time Lapse) | Toàn cảnh (Panorama) | Quay video HD | Quay video Full HD | Nhãn dán (AR Stickers) | Làm đẹp | Flash màn hình,Wi-Fi Display | Wi-Fi 802.11 a/b/g/n | Wi-Fi 5 | Dual-band,,v5.0,Type-C,,,,Type-C,OTG,Xoá vật thể AI | Xoá phản chiếu AI | Tăng cường độ nét AI | Tóm tắt tài liệu AI | Trợ lý viết AI | Trợ lý Google Gemini | Làm rõ ảnh mờ AI | Dịch văn bản AI | Âm thanh Hi-Res Audio | Mở khóa bằng khuôn mặt | Chế độ trẻ em,IPX2,Có,,9340 mAh,Li-Po,SUPERVOOC | Tiết kiệm pin,33 W,,Khung nhựa & Mặt lưng hợp kim nhôm,Dài 254.91 mm - Ngang 166.46 mm - Dày 7.39 mm - Nặng 530 g,07/2025,OPPO,tablet
Lenovo Tab M11 4G 4GB/128GB,https://cdn.tgdd.vn/Products/Images/522/326644/lenovo-tab-m11-4g-grey-thumb-600x600.jpg,https://cdnv2.tgdd.vn/mwg-static/tgdd/Products/Images/522/326644/lenovo-tab-m11-1-638604541591522590-750x500.jpg; https://cdnv2.tgdd.vn/mwg-static/tgdd/Products/Images/522/326644/lenovo-tab-m11-2-638604541597828459-750x500.jpg; https://cdnv2.tgdd.vn/mwg-static/tgdd/Products/Images/522/326644/lenovo-tab-m11-3-638604541605025698-750x500.jpg; https://cdnv2.tgdd.vn/mwg-static/tgdd/Products/Images/522/326644/lenovo-tab-m11-4-638604541609949199-750x500.jpg; https://cdnv2.tgdd.vn/mwg-static/tgdd/Products/Images/522/326644/lenovo-tab-m11-5-638604541616878338-750x500.jpg,,60800000.0,IPS LCD,1200 x 1920 Pixels,"10.95"" - Tần số quét 90 Hz",Android 13,MediaTek Helio G88 8 nhân,2 nhân 2.0 GHz & 6 nhân 1.8 GHz,Mali-G52 MC2,4 GB,128 GB,113 GB,"Micro SD, hỗ trợ tối đa 1 TB",8 MP,,Bộ lọc màu | Xóa phông | Quét tài liệu | Làm đẹp | Google Lens,8 MP,Xóa phông | Làm đẹp | Bộ lọc màu,Wi-Fi 802.11 a/b/g/n/ac | Dual-band,GPS | GLONASS | GALILEO,v5.1,Type-C,Hỗ trợ 4G,1 Nano SIM,Có nghe gọi,3.5 mm,,Âm thanh Dolby Atmos | Chia đôi màn hình | 4 loa | Google Kids Space,IP52,Có,,7040 mAh,Li-Ion,Tiết kiệm pin,10 W,10 W,Kim loại nguyên khối,Dài 255.26 mm - Ngang 166.31 mm - Dày 7.15 mm - Nặng 465 g,06/2024,Lenovo,tablet
Lenovo Tab Plus WiFi 8GB/256GB,https://cdn.tgdd.vn/Products/Images/522/327293/lenovo-tab-plus-wifi-8gb-256gb-thumb-600x600.jpg,https://cdn.tgdd.vn/Products/Images/522/327293/lenovo-tab-plus-1-750x500.jpg; https://cdn.tgdd.vn/Products/Images/522/327293/lenovo-tab-plus-2-750x500.jpg; https://cdn.tgdd.vn/Products/Images/522/327293/lenovo-tab-plus-3-750x500.jpg; https://cdn.tgdd.vn/Products/Images/522/327293/lenovo-tab-plus-4-750x500.jpg; https://cdn.tgdd.vn/Products/Images/522/327293/lenovo-tab-plus-5-750x500.jpg,,75500000.0,IPS LCD,1200 x 2000 Pixels,"11.5"" - Tần số quét 90 Hz",Android 14,MediaTek Helio G99,2 nhân 2.2 GHz & 6 nhân 2 GHz,Mali-G57 MC2,8 GB,256 GB,235 GB,"Micro SD, hỗ trợ tối đa 1 TB",8 MP,FullHD 1080p@30fps,HDR | Tự động lấy nét,8 MP,Tự động lấy nét (AF) | Quay video Full HD,Wi-Fi Direct | Wi-Fi 802.11 a/b/g/n/ac | Dual-band,GPS | GLONASS | GALILEO,v5.2,Type-C,,,,3.5 mm,,Âm thanh Dolby Atmos | Chạm 2 lần mở màn hình | Google Kids Space,IP52,,,8600 mAh,Li-Po,Sạc pin nhanh | Tiết kiệm pin,45 W,45 W,Nhôm nguyên khối,Dài 268.3 mm - Ngang 174.25 mm - Dày 7.77-13.58 mm - Nặng 650 g,07/2024,Lenovo,tablet
Lenovo Tab 4G 4GB/64GB,https://cdnv2.tgdd.vn/mwg-static/tgdd/Products/Images/522/334991/lenovo-tab-4g-240225-052719-026-600x600.jpg,https://cdnv2.tgdd.vn/mwg-static/tgdd/Products/Images/522/334991/lenovo-tab-4g-xam-1-638766207134443497-750x500.jpg; https://cdnv2.tgdd.vn/mwg-static/tgdd/Products/Images/522/334991/lenovo-tab-4g-xam-2-638766207141917980-750x500.jpg; https://cdnv2.tgdd.vn/mwg-static/tgdd/Products/Images/522/334991/lenovo-tab-4g-xam-3-638766207148747258-750x500.jpg; https://cdnv2.tgdd.vn/mwg-static/tgdd/Products/Images/522/334991/lenovo-tab-4g-xam-4-638766207155515308-750x500.jpg; https://cdnv2.tgdd.vn/mwg-static/tgdd/Products/Images/522/334991/lenovo-tab-4g-xam-5-638766207164986610-750x500.jpg; https://cdnv2.tgdd.vn/mwg-static/tgdd/Products/Images/522/334991/lenovo-tab-4g-xam-6-638766207173570606-750x500.jpg,,40000000.0,IPS LCD,1200 x 1920 Pixels,"10.1"" - Tần số quét 60 Hz",Android 14,MediaTek Helio G85 8 nhân,2 nhân 2.0 GHz & 6 nhân 1.8 GHz,Mali-G52 MC2,4 GB,64 GB,49 GB,"Micro SD, hỗ trợ tối đa 1 TB",8 MP,Có,Xóa phông | Làm đẹp | Tự động lấy nét,5 MP,Xóa phông | Làm đẹp | Bộ lọc màu,Wi-Fi 5,GPS | GLONASS | GALILEO | BDS | A-GPS,v5.3,Type-C,Hỗ trợ 4G,1 Nano SIM,Có nghe gọi,3.5 mm,,Âm thanh Dolby Atmos | Trợ lý ảo Google | Mở khóa bằng khuôn mặt | Loa kép | Google Kids Space,IP52,Có,Có,5100 mAh,Li-Po,Tiết kiệm pin,15 W,20 W,Kim loại nguyên khối,Dài 235.7 mm - Ngang 154.5 mm - Dày 7.5 mm - Nặng 425 g,11/2024,Lenovo,tablet
Xiaomi Redmi Pad 2 WiFi 4GB/128GB,https://cdn.tgdd.vn/Products/Images/522/339204/xiaomi-redmi-pad-2-gray-thumb-600x600.jpg,https://cdnv2.tgdd.vn/mwg-static/tgdd/Products/Images/522/339204/xiaomi-redmi-pad-2-wifi-xam-1-638889722791105651-750x500.jpg; https://cdnv2.tgdd.vn/mwg-static/tgdd/Products/Images/522/339204/xiaomi-redmi-pad-2-wifi-xam-2-638889722797826792-750x500.jpg; https://cdnv2.tgdd.vn/mwg-static/tgdd/Products/Images/522/339204/xiaomi-redmi-pad-2-wifi-xam-3-638889722805694870-750x500.jpg; https://cdnv2.tgdd.vn/mwg-static/tgdd/Products/Images/522/339204/xiaomi-redmi-pad-2-wifi-xam-4-638889722811092739-750x500.jpg; https://cdnv2.tgdd.vn/mwg-static/tgdd/Products/Images/522/339204/xiaomi-redmi-pad-2-wifi-xam-5-638889722817493022-750x500.jpg; https://cdnv2.tgdd.vn/mwg-static/tgdd/Products/Images/522/339204/xiaomi-redmi-pad-2-wifi-xam-6-638889722829329117-750x500.jpg,,52000000.0,IPS LCD,1600 x 2560 Pixels,"11"" - Tần số quét 90 Hz",Xiaomi HyperOS 2,MediaTek Helio G100-Ultra 8 nhân,2 nhân 2.2 GHz & 6 nhân 2 GHz,Mali-G57 MC2,4 GB,128 GB,115 GB,"Micro SD, hỗ trợ tối đa 2 TB",8 MP,HD 720p@30fps | FullHD 1080p@30fps,Quét tài liệu | HDR,5 MP,Quay video HD | Quay video Full HD | Máy nhắc chữ,Wi-Fi 5 | Dual-band,GPS,v5.3,Type-C,,,,3.5 mm,,Âm thanh Dolby Atmos | Mở khóa bằng khuôn mặt | 4 loa,,Có,Có,9000 mAh,Li-Po,Tiết kiệm pin,18 W,15 W,Kim loại nguyên khối,Dài 254.58 mm - Ngang 166.04 mm - Dày 7.36 mm - Nặng 519 g,06/2025,Xiaomi,tablet
Xiaomi Redmi Pad Pro WiFi 6GB/128GB,https://cdn.tgdd.vn/Products/Images/522/325988/redmi-pad-pro-grey-thumb-1-600x600.jpg,https://cdn.tgdd.vn/Products/Images/522/325988/xiaomi-redmi-pad-pro-grey-1-750x500.jpg; https://cdn.tgdd.vn/Products/Images/522/325988/xiaomi-redmi-pad-pro-grey-2-750x500.jpg; https://cdn.tgdd.vn/Products/Images/522/325988/xiaomi-redmi-pad-pro-grey-3-750x500.jpg; https://cdn.tgdd.vn/Products/Images/522/325988/xiaomi-redmi-pad-pro-grey-4-750x500.jpg; https://cdn.tgdd.vn/Products/Images/522/325988/xiaomi-redmi-pad-pro-grey-5-750x500.jpg,,69600000.0,IPS LCD,1600 x 2560 Pixels,"12.1"" - Tần số quét 120 Hz",Xiaomi HyperOS (Android 14),Snapdragon 7s Gen 2 8 nhân,4 nhân 2.3 GHz & 4 nhân 1.95 GHz,Adreno 710,6 GB,128 GB,103 GB,"Micro SD, hỗ trợ tối đa 1.5 TB",8 MP,HD 720p@30fps | FullHD 1080p@30fps,Bộ lọc màu | Đèn Flash | Ánh sáng yếu (Chụp đêm) | Zoom kỹ thuật số | Tilt-shift | Quét tài liệu | Quét mã QR | Làm đẹp | HDR | Google Lens | Chụp một chạm | Chụp hẹn giờ | Chống rung | Camera AI,8 MP,Vẫy tay chụp ảnh | Quay video HD | Quay video Full HD | Làm đẹp | Hẹn giờ chụp | HDR | Chụp một chạm | Bộ lọc màu,Wi-Fi Direct | Wi-Fi 802.11 a/b/g/n/ac | Wi-Fi 6 | MIMO | Dual-band,Hãng không công bố,v5.2,Type-C,,,,3.5 mm,,Ứng dụng kép (Nhân bản ứng dụng) | Đa cửa sổ | Âm thanh Hi-Res Audio | Âm thanh Dolby Atmos | Trợ lý ảo Google | Mở rộng bộ nhớ RAM | Mở khóa bằng khuôn mặt | Không gian thứ hai | Khoá ứng dụng | Game Turbo | Dolby Vision | Cửa sổ nổi | Chạm 2 lần tắt/mở màn hình | 4 loa,,Có,,10000 mAh,Li-Po,Sạc pin nhanh | Tiết kiệm pin,33 W,33 W,Kim loại nguyên khối,Dài 280 mm - Ngang 181.85 mm - Dày 7.52 mm - Nặng 571 g,06/2024,Xiaomi,tablet
Xiaomi Pad 7 WiFi 8GB/256GB,https://cdn.tgdd.vn/Products/Images/522/334530/xiaomi-pad-7-blue-thumb-600x600.jpg,https://cdnv2.tgdd.vn/mwg-static/tgdd/Products/Images/522/334530/xiaomi-pad-7-xanh-duong-1-638775431461406403-750x500.jpg; https://cdnv2.tgdd.vn/mwg-static/tgdd/Products/Images/522/334530/xiaomi-pad-7-xanh-duong-2-638775431468327041-750x500.jpg; https://cdnv2.tgdd.vn/mwg-static/tgdd/Products/Images/522/334530/xiaomi-pad-7-xanh-duong-3-638775431473922818-750x500.jpg; https://cdnv2.tgdd.vn/mwg-static/tgdd/Products/Images/522/334530/xiaomi-pad-7-xanh-duong-4-638775431479714056-750x500.jpg; https://cdnv2.tgdd.vn/mwg-static/tgdd/Products/Images/522/334530/xiaomi-pad-7-xanh-duong-5-638775431485871357-750x500.jpg,,110900000.0,IPS LCD,2136 x 3200 Pixels,"11.2"" - Tần số quét 144 Hz",Xiaomi HyperOS 2,Snapdragon 7+ Gen 3 8 nhân,2.8 GHz,Andreno 732,8 GB,256 GB,241 GB,,13 MP,,Quét tài liệu,8 MP,Làm đẹp,Wi-Fi Direct | Wi-Fi 6E | Wi-Fi 6 | Dual-band,,v5.4,Type-C,,,,Type-C,,,,Có,Có,8850 mAh,Li-Po,Sạc pin nhanh | Tiết kiệm pin,45 W,45 W,Nhôm nguyên khối,Dài 251.22 mm - Ngang 173.42 mm - Dày 6.18 mm - Nặng 500 g,03/2025,Xiaomi,tablet
Xiaomi Pad 7 Pro WiFi 12GB/512GB,https://cdn.tgdd.vn/Products/Images/522/334527/xiaomi-pad-7-pro-gray-thumb-600x600.jpg,https://cdnv2.tgdd.vn/mwg-static/tgdd/Products/Images/522/334527/xiaomi-pad-7-pro-xam-1-638775414616675140-750x500.jpg; https://cdnv2.tgdd.vn/mwg-static/tgdd/Products/Images/522/334527/xiaomi-pad-7-pro-xam-2-638775414622596792-750x500.jpg; https://cdnv2.tgdd.vn/mwg-static/tgdd/Products/Images/522/334527/xiaomi-pad-7-pro-xam-3-638775414628838255-750x500.jpg; https://cdnv2.tgdd.vn/mwg-static/tgdd/Products/Images/522/334527/xiaomi-pad-7-pro-xam-4-638775414635827647-750x500.jpg; https://cdnv2.tgdd.vn/mwg-static/tgdd/Products/Images/522/334527/xiaomi-pad-7-pro-xam-5-638775414641410376-750x500.jpg; https://cdnv2.tgdd.vn/mwg-static/tgdd/Products/Images/522/334527/xiaomi-pad-7-pro-xam-6-638775414647568156-750x500.jpg,,155000000.0,IPS LCD,2136 x 3200 Pixels,"11.2"" - Tần số quét 144 Hz",Xiaomi HyperOS 2,Snapdragon 8s Gen 3 8 nhân,3 GHz,Andreno 735,12 GB,512 GB,497 GB,,50 MP,,Quét tài liệu,32 MP,Làm đẹp,Wi-Fi Direct | Wi-Fi 7 | Wi-Fi 6E | Wi-Fi 6 | Dual-band,,v5.4,Type-C,,,,Type-C,,,,Có,Có,8850 mAh,Li-Po,Sạc pin nhanh | Tiết kiệm pin,67 W,67 W,Nhôm nguyên khối,Dài 251.22 mm - Ngang 173.42 mm - Dày 6.18 mm - Nặng 500 g,03/2025,Xiaomi,tablet
Xiaomi Redmi Pad SE 8.7 WiFi 4GB/64GB,https://cdn.tgdd.vn/Products/Images/522/328520/redmi-pad-se-8-7-wifi-grey-thumb-600x600.jpg,https://cdnv2.tgdd.vn/mwg-static/tgdd/Products/Images/522/328520/redmi-pad-se-8-7-wifi-grey-1-638612399174435493-750x500.jpg; https://cdnv2.tgdd.vn/mwg-static/tgdd/Products/Images/522/328520/redmi-pad-se-8-7-wifi-grey-2-638612399184940103-750x500.jpg; https://cdnv2.tgdd.vn/mwg-static/tgdd/Products/Images/522/328520/redmi-pad-se-8-7-wifi-grey-3-638612399190179133-750x500.jpg; https://cdnv2.tgdd.vn/mwg-static/tgdd/Products/Images/522/328520/redmi-pad-se-8-7-wifi-grey-4-638612399198698015-750x500.jpg; https://cdnv2.tgdd.vn/mwg-static/tgdd/Products/Images/522/328520/redmi-pad-se-8-7-wifi-grey-5-638612399205107362-750x500.jpg,,32300000.0,IPS LCD,800 x 1340 Pixels,"8.7"" - Tần số quét 90 Hz",Android 14,MediaTek Helio G85 8 nhân,2 nhân 2.0 GHz & 6 nhân 1.8 GHz,Mali-G52 MC2,4 GB,64 GB,45 GB,"Micro SD, hỗ trợ tối đa 2 TB",8 MP,HD 720p@30fps | FullHD 1080p@30fps,Đèn Flash,5 MP,Quay video HD | Quay video Full HD,Wi-Fi 802.11 a/b/g/n/ac | Dual-band,GPS | GLONASS | GALILEO | BDS,v5.3,Type-C,,,,3.5 mm,,Âm thanh Dolby Atmos | Mở khóa bằng khuôn mặt | Loa kép,,Có,Có,6650 mAh,Li-Po,Tiết kiệm pin,18 W,10 W,Nhựa nguyên khối,Dài 211.58 mm - Ngang 125.48 mm - Dày 8.8 mm - Nặng 375 g,08/2024,Xiaomi,tablet
Xiaomi Redmi Pad SE WiFi 4GB/128GB,https://cdn.tgdd.vn/Products/Images/522/315607/xiaomi-pad-se-xam-thumb-600x600.jpg,https://cdn.tgdd.vn/Products/Images/522/315607/xiaomi-pad-se-xam-1-1-750x500.jpg; https://cdn.tgdd.vn/Products/Images/522/315607/xiaomi-pad-se-xam-2-1-750x500.jpg; https://cdn.tgdd.vn/Products/Images/522/315607/xiaomi-pad-se-xam-3-1-750x500.jpg; https://cdn.tgdd.vn/Products/Images/522/315607/xiaomi-pad-se-xam-4-750x500.jpg; https://cdn.tgdd.vn/Products/Images/522/315607/xiaomi-pad-se-xam-5-750x500.jpg,,42100000.0,IPS LCD,1200 x 1920 Pixels,"11"" - Tần số quét 90 Hz",Android 13,Snapdragon 680 8 nhân,2.4 GHz,Adreno 610,4 GB,128 GB,115 GB,"Micro SD, hỗ trợ tối đa 1 TB",8 MP,HD 720p@30fps | FullHD 1080p@30fps,Bộ lọc màu | Ánh sáng yếu (Chụp đêm) | Quét tài liệu | HDR | Chụp hẹn giờ,5 MP,Quay video HD | Quay video Full HD | Làm đẹp | Hẹn giờ chụp | HDR | Bộ lọc màu,Wi-Fi 802.11 a/b/g/n/ac | Dual-band,,v5.0,Type-C,,,,3.5 mm,OTG,Ứng dụng kép (Nhân bản ứng dụng) | Đa cửa sổ | Âm thanh Hi-Res Audio | Âm thanh Dolby Atmos | Mở rộng bộ nhớ RAM | Mở khóa bằng khuôn mặt | Không gian thứ hai | Chạm 2 lần tắt/mở màn hình | 4 loa,,Có,,8000 mAh,Li-Po,Tiết kiệm pin,10 W,10 W,Kim loại nguyên khối,Dài 255.53 mm - Ngang 167.08 mm - Dày 7.36 mm - Nặng 478 g,09/2023,Xiaomi,tablet
Xiaomi Redmi Pad SE 8.7 4G 4GB/128GB,https://cdn.tgdd.vn/Products/Images/522/328523/redmi-pad-se-8-7-wifi-green-thumb-600x600.jpg,https://cdn.tgdd.vn/Products/Images/522/328523/redmi-pad-se-8-7-4g-green-1-750x500.jpg; https://cdn.tgdd.vn/Products/Images/522/328523/redmi-pad-se-8-7-4g-green-2-750x500.jpg; https://cdn.tgdd.vn/Products/Images/522/328523/redmi-pad-se-8-7-4g-green-3-750x500.jpg; https://cdn.tgdd.vn/Products/Images/522/328523/redmi-pad-se-8-7-4g-green-4-750x500.jpg; https://cdn.tgdd.vn/Products/Images/522/328523/redmi-pad-se-8-7-4g-green-5-750x500.jpg,,45000000.0,IPS LCD,800 x 1340 Pixels,"8.7"" - Tần số quét 90 Hz",Android 14,MediaTek Helio G85 8 nhân,2 nhân 2.0 GHz & 6 nhân 1.8 GHz,Mali-G52 MC2,4 GB,128 GB,109 GB,"Micro SD, hỗ trợ tối đa 2 TB",8 MP,HD 720p@30fps | FullHD 1080p@30fps,Đèn Flash,5 MP,Quay video HD | Quay video Full HD,Wi-Fi 802.11 a/b/g/n/ac | Dual-band,GPS | GLONASS | GALILEO | BDS,v5.3,Type-C,Hỗ trợ 4G,2 Nano SIM,Có nghe gọi,3.5 mm,,Âm thanh Dolby Atmos | Mở khóa bằng khuôn mặt | Loa kép,,Có,Có,6650 mAh,Li-Po,Tiết kiệm pin,18 W,10 W,Nhựa nguyên khối,Dài 211.58 mm - Ngang 125.48 mm - Dày 8.8 mm - Nặng 375 g,08/2024,Xiaomi,tablet
Xiaomi Redmi Pad 2 4G 4GB/128GB,https://cdn.tgdd.vn/Products/Images/522/339207/xiaomi-redmi-pad-2-4g-green-thumb-600x600.jpg,https://cdnv2.tgdd.vn/mwg-static/tgdd/Products/Images/522/339207/xiaomi-redmi-pad-2-4g-xanh-1-638890347158659983-750x500.jpg; https://cdnv2.tgdd.vn/mwg-static/tgdd/Products/Images/522/339207/xiaomi-redmi-pad-2-4g-xanh-2-638890347164455517-750x500.jpg; https://cdnv2.tgdd.vn/mwg-static/tgdd/Products/Images/522/339207/xiaomi-redmi-pad-2-4g-xanh-3-638890347171355457-750x500.jpg; https://cdnv2.tgdd.vn/mwg-static/tgdd/Products/Images/522/339207/xiaomi-redmi-pad-2-4g-xanh-4-638890347178281160-750x500.jpg; https://cdnv2.tgdd.vn/mwg-static/tgdd/Products/Images/522/339207/xiaomi-redmi-pad-2-4g-xanh-5-638890347184248540-750x500.jpg; https://cdnv2.tgdd.vn/mwg-static/tgdd/Products/Images/522/339207/xiaomi-redmi-pad-2-4g-xanh-6-638890347191367604-750x500.jpg,,58900000.0,IPS LCD,1600 x 2560 Pixels,"11"" - Tần số quét 90 Hz",Xiaomi HyperOS 2,MediaTek Helio G100-Ultra 8 nhân,2 nhân 2.2 GHz & 6 nhân 2 GHz,Mali-G57 MC2,4 GB,128 GB,115 GB,"Micro SD, hỗ trợ tối đa 2 TB",8 MP,HD 720p@30fps | FullHD 1080p@30fps,Quét tài liệu | HDR,5 MP,Quay video HD | Quay video Full HD | Máy nhắc chữ,Wi-Fi 5 | Dual-band,GPS,v5.3,Type-C,Hỗ trợ 4G,2 Nano SIM (SIM 2 chung khe thẻ nhớ),Có nghe gọi,3.5 mm,,Âm thanh Dolby Atmos | Mở khóa bằng khuôn mặt | 4 loa,,Có,Có,9000 mAh,Li-Po,Tiết kiệm pin,18 W,15 W,Kim loại nguyên khối,Dài 254.58 mm - Ngang 166.04 mm - Dày 7.36 mm - Nặng 519 g,06/2025,Xiaomi,tablet
