name,images,main_image,price,thumb,battery_capacity,charging_efficiency,battery_cells,technology_features,full_charge_time,output_power,input_power,dimensions,weight,brand_owner,made_in,brand,functions,input_ports,output_ports,cable_length,max_power,model,max_charging_current,use_for,data_transfer_rate,hdmi_standard,Độ phân giải tối đa,connector_jack,earbud_battery_life,case_battery_life,charging_port,audio_tech,compatibility,connection_app,features,simultaneous_connection,connectivity_tech,control,control_buttons,jack,max_vertical_speed_up,max_vertical_speed_down,max_horizontal_speed_sea_level,max_takeoff_altitude,max_flight_distance,max_tilt_angle,oscillation_amplitude,max_flight_time,normal_dimensions,folded_dimensions,max_takeoff_speed,max_landing_speed,max_horizontal_speed,gnss,stability_range,operating_temperature,internal_storage,phanloai
Xmobile 45W MH803 kèm Cáp Lightning và Type C,https://cdnv2.tgdd.vn/mwg-static/tgdd/Products/Images/57/337132/pin-sac-du-phong-polymer-20000mah-type-c-pd-qc-3-0-45w-xmobile-mh803-kem-cap-lightning-va-type-c-den-1-638812901392324784-750x500.jpg; https://cdnv2.tgdd.vn/mwg-static/tgdd/Products/Images/57/337132/pin-sac-du-phong-polymer-20000mah-type-c-pd-qc-3-0-45w-xmobile-mh803-kem-cap-lightning-va-type-c-den-2-638812901399280615-750x500.jpg; https://cdnv2.tgdd.vn/mwg-static/tgdd/Products/Images/57/337132/pin-sac-du-phong-polymer-20000mah-type-c-pd-qc-3-0-45w-xmobile-mh803-kem-cap-lightning-va-type-c-den-3-638812901405326503-750x500.jpg; https://cdnv2.tgdd.vn/mwg-static/tgdd/Products/Images/57/337132/pin-sac-du-phong-polymer-20000mah-type-c-pd-qc-3-0-45w-xmobile-mh803-kem-cap-lightning-va-type-c-den-4-638812901411336040-750x500.jpg; https://cdnv2.tgdd.vn/mwg-static/tgdd/Products/Images/57/337132/pin-sac-du-phong-polymer-20000mah-type-c-pd-qc-3-0-45w-xmobile-mh803-kem-cap-lightning-va-type-c-den-5-638812901417560444-750x500.jpg,,750000.0,https://cdnv2.tgdd.vn/mwg-static/tgdd/Products/Images/57/337132/pin-sac-du-phong-polymer-20000mah-type-c-pd-qc-3-0-45w-xmobile-mh803-kem-cap-lightning-va-type-c-thumb-638813653813573619-600x600.jpg,20000 mAh,60%,Polymer,"Kèm cáp Type C, cáp Lightning | Màn hình LED báo hiệu | Power Delivery | Quick Charge 3.0",4 - 5 giờ (dùng Adapter 3A),"Type C/ Cáp Type C: 5V - 2.4A, 9V - 3A, 12V - 3A, 15V - 3A, 20V - 2.25A (Max 45W) | USB: 5V - 2.4A, 9V - 2A, 12V - 1.5A, 10V - 2.25A (Max 22.5W) | Cáp Lightning: 5V - 2A, 9V - 3A (Max 27W)","Type C/ Cáp Type C: 5V - 2.4A, 9V - 3A, 12V - 3A, 15V - 3A, 20V - 2.25A (Max 45W)",Dày 3.2 cm - Rộng 7.1 cm - Dài 10 cm,326 g,Thế Giới Di Động,Trung Quốc,Xmobile,,,,,,,,,,,,,,,,,,,,,,,,,,,,,,,,,,,,,,,,,,phukien
Anker Zolo 165W A1695 kèm cáp dây rút Type C,https://cdnv2.tgdd.vn/mwg-static/tgdd/Products/Images/57/336355/pin-sac-du-phong-25000mah-type-c-pd-qc-3-0-165w-anker-zolo-a1695-kem-cap-1-638792914702938941-750x500.jpg; https://cdnv2.tgdd.vn/mwg-static/tgdd/Products/Images/57/336355/pin-sac-du-phong-25000mah-type-c-pd-qc-3-0-165w-anker-zolo-a1695-kem-cap-2-638792914710419593-750x500.jpg; https://cdnv2.tgdd.vn/mwg-static/tgdd/Products/Images/57/336355/pin-sac-du-phong-25000mah-type-c-pd-qc-3-0-165w-anker-zolo-a1695-kem-cap-4-638792914726386845-750x500.jpg; https://cdnv2.tgdd.vn/mwg-static/tgdd/Products/Images/57/336355/pin-sac-du-phong-25000mah-type-c-pd-qc-3-0-165w-anker-zolo-a1695-kem-cap-5-638792914732869872-750x500.jpg,,1890000.0,https://cdnv2.tgdd.vn/mwg-static/tgdd/Products/Images/57/336355/pin-sac-du-phong-25000mah-type-c-pd-qc-3-0-165w-anker-zolo-a1695-kem-cap-thumb-01-638792934382627791-600x600.jpg,25000 mAh,60%,Li-Ion,Màn hình LED báo hiệu | Power Delivery | Quick Charge 3.0 | Cáp dây rút Type C dài 70 cm | Kèm cáp Type C dài 30 cm,3 giờ (dùng Adapter 65W),"Type C: 5V - 3A, 9V - 2.22A, 10V - 2.25A, 12V - 1.5A, 15V - 3A, 20V - 5A (Max 100W) | USB: 5V - 3A, 9V - 2.22A, 10V - 2.25A, 12V - 1.5A, 3.3V-11V - 3A (Max 33W)","Type C: 5V - 3A, 9V - 2.22A, 12V - 1.5A, 15V - 3A, 20V - 5A (Max 100W)",Dày 4.9 cm - Rộng 5.4 cm - Dài 15.7 cm,555 g,Trung Quốc,Trung Quốc,Anker,,,,,,,,,,,,,,,,,,,,,,,,,,,,,,,,,,,,,,,,,,phukien
Xmobile 55W JP326,https://cdnv2.tgdd.vn/mwg-static/tgdd/Products/Images/57/337695/pin-sac-du-phong-10000mah-type-c-pd-qc-3-0-55w-xmobile-jp326-1-638820513965060877-750x500.jpg; https://cdnv2.tgdd.vn/mwg-static/tgdd/Products/Images/57/337695/pin-sac-du-phong-10000mah-type-c-pd-qc-3-0-55w-xmobile-jp326-2-638820513972580990-750x500.jpg; https://cdnv2.tgdd.vn/mwg-static/tgdd/Products/Images/57/337695/pin-sac-du-phong-10000mah-type-c-pd-qc-3-0-55w-xmobile-jp326-3-638820513978225505-750x500.jpg; https://cdnv2.tgdd.vn/mwg-static/tgdd/Products/Images/57/337695/pin-sac-du-phong-10000mah-type-c-pd-qc-3-0-55w-xmobile-jp326-4-638820513985756917-750x500.jpg; https://cdnv2.tgdd.vn/mwg-static/tgdd/Products/Images/57/337695/pin-sac-du-phong-10000mah-type-c-pd-qc-3-0-55w-xmobile-jp326-5-638820513991532707-750x500.jpg; https://cdnv2.tgdd.vn/mwg-static/tgdd/Products/Images/57/337695/pin-sac-du-phong-10000mah-type-c-pd-qc-3-0-55w-xmobile-jp326-6-638820513997498652-750x500.jpg,,590000.0,https://cdnv2.tgdd.vn/mwg-static/tgdd/Products/Images/57/337695/pin-sac-du-phong-10000mah-type-c-pd-qc-3-0-55w-xmobile-jp326-thumb-638820525126650838-600x600.jpg,10000 mAh,64%,Li-Ion,Màn hình LED báo hiệu | Power Delivery | Quick Charge 3.0,2 - 3 giờ (dùng Adapter 2A),"Type C1: 5V - 3A, 9V - 3A, 12V - 2.5, 15V - 2A (Max 30W) | Type C2: 5V - 3A, 9V - 3A, 12V - 3A, 15V - 3A, 20V - 2.25A, 11V - 5A (Max 55W) | USB: 5V - 3A, 9V - 3A, 12V - 2.5A, 15V - 2A (Max 30W)","Type C1: 5V - 3A, 9V - 3A, 12V - 2.5, 15V - 2A (Max 30W) | Type C2: 5V - 3A, 9V - 3A, 12V - 3A,15V - 3A, 20V - 2.25A, 11V - 5A (Max 55W)",Dày 3.2 cm - Rộng 5 cm - Dài 8.5 cm,190 g,Thế Giới Di Động,Trung Quốc,Xmobile,,,,,,,,,,,,,,,,,,,,,,,,,,,,,,,,,,,,,,,,,,phukien
Anker MagGo 30W A1664,https://cdnv2.tgdd.vn/mwg-static/tgdd/Products/Images/57/331290/pin-sac-du-phong-polymer-10000mah-khong-day-magnetic-qi2-type-c-pd-30w-anker-maggo-a1664-trang-1-638652782522364143-750x500.jpg; https://cdnv2.tgdd.vn/mwg-static/tgdd/Products/Images/57/331290/pin-sac-du-phong-polymer-10000mah-khong-day-magnetic-qi2-type-c-pd-30w-anker-maggo-a1664-trang-2-638652782514551815-750x500.jpg; https://cdnv2.tgdd.vn/mwg-static/tgdd/Products/Images/57/331290/pin-sac-du-phong-polymer-10000mah-khong-day-magnetic-qi2-type-c-pd-30w-anker-maggo-a1664-trang-3-638652782508571707-750x500.jpg; https://cdnv2.tgdd.vn/mwg-static/tgdd/Products/Images/57/331290/pin-sac-du-phong-polymer-10000mah-khong-day-magnetic-qi2-type-c-pd-30w-anker-maggo-a1664-trang-4-638652782501362199-750x500.jpg; https://cdnv2.tgdd.vn/mwg-static/tgdd/Products/Images/57/331290/pin-sac-du-phong-polymer-10000mah-khong-day-magnetic-qi2-type-c-pd-30w-anker-maggo-a1664-trang-5-638652782493095621-750x500.jpg,,1290000.0,https://cdnv2.tgdd.vn/mwg-static/tgdd/Products/Images/57/331290/sac-du-phong-polymer-10000mah-khong-day-magnetic-qi2-30w-anker-maggo-a1664-thumb-638652925489493884-600x600.jpg,10000 mAh,50%,Polymer,Đèn LED báo hiệu | Sạc không dây Magnetic | Power Delivery | PowerIQ,3 - 4 giờ (dùng Adapter 3A),"Type C: 5V - 3A, 9V - 3A, 12V - 2.5A, 15V - 2A, 20V - 1.5A (Max 30W) | Sạc không dây: 5W - 7.5W - 15W","Type C: 5V - 3A, 9V - 3A, 15V - 2A (Max 30W)",Dày 1.5 cm - Rộng 7 cm - Dài 10 cm,250 g,Trung Quốc,Trung Quốc,Anker,,,,,,,,,,,,,,,,,,,,,,,,,,,,,,,,,,,,,,,,,,phukien
Xiaomi 33W PB1033MI kèm Cáp Type C,https://cdnv2.tgdd.vn/mwg-static/tgdd/Products/Images/57/334149/pin-sac-du-phong-10000mah-type-c-pd-qc-3-0-33w-xiaomi-pb1033mi-be-1-638729820957338955-750x500.jpg; https://cdnv2.tgdd.vn/mwg-static/tgdd/Products/Images/57/334149/pin-sac-du-phong-10000mah-type-c-pd-qc-3-0-33w-xiaomi-pb1033mi-be-2-638729820948405925-750x500.jpg; https://cdnv2.tgdd.vn/mwg-static/tgdd/Products/Images/57/334149/pin-sac-du-phong-10000mah-type-c-pd-qc-3-0-33w-xiaomi-pb1033mi-be-3-638729820938850034-750x500.jpg; https://cdnv2.tgdd.vn/mwg-static/tgdd/Products/Images/57/334149/pin-sac-du-phong-10000mah-type-c-pd-qc-3-0-33w-xiaomi-pb1033mi-be-4-638729820928498405-750x500.jpg; https://cdnv2.tgdd.vn/mwg-static/tgdd/Products/Images/57/334149/pin-sac-du-phong-10000mah-type-c-pd-qc-3-0-33w-xiaomi-pb1033mi-be-5-638731516105203134-750x500.jpg,,590000.0,https://cdnv2.tgdd.vn/mwg-static/tgdd/Products/Images/57/334149/pin-sac-du-phong-10000mah-type-c-pd-qc-3-0-33w-xiaomi-pb1033mi-thumb-638730682186329587-600x600.jpg,10000 mAh,56%,Li-Ion,Power Delivery | Quick Charge 3.0,Khoảng 3 giờ (dùng Adapter 3A),"USB: 5V - 3A, 9V - 2.23A, 10V - 2.25A, 12V - 1.67A (Max 22.5W) | Type C/ Cáp Type C: 5V - 3A, 9V - 3A, 11V - 3A, 12V - 2.5A, 15V - 2A, 20V - 1.5A (Max 33W)","Type C/ Cáp Type C: 5V - 3A, 9V - 3A, 12V - 2.5A (Max 30W)",Dày 2.6 cm - Rộng 6.59 cm - Dài 8.09 cm,211 g,Trung Quốc,Trung Quốc,Xiaomi,,,,,,,,,,,,,,,,,,,,,,,,,,,,,,,,,,,,,,,,,,phukien
Ugreen 30W PB773 kèm Cáp Type C,https://cdnv2.tgdd.vn/mwg-static/tgdd/Products/Images/57/344487/sac-du-phong-polymer-khong-day-magnetic-qi2-2-type-c-pd-30w-ugreen-pb773-01-638925786690611052-750x500.jpg; https://cdnv2.tgdd.vn/mwg-static/tgdd/Products/Images/57/344487/sac-du-phong-polymer-khong-day-magnetic-qi2-2-type-c-pd-30w-ugreen-pb773-2-638929220269523335-750x500.jpg; https://cdnv2.tgdd.vn/mwg-static/tgdd/Products/Images/57/344487/sac-du-phong-polymer-khong-day-magnetic-qi2-2-type-c-pd-30w-ugreen-pb773-3-638929220276192009-750x500.jpg; https://cdnv2.tgdd.vn/mwg-static/tgdd/Products/Images/57/344487/sac-du-phong-polymer-khong-day-magnetic-qi2-2-type-c-pd-30w-ugreen-pb773-4-638929220282660927-750x500.jpg; https://cdnv2.tgdd.vn/mwg-static/tgdd/Products/Images/57/344487/sac-du-phong-polymer-khong-day-magnetic-qi2-2-type-c-pd-30w-ugreen-pb773-5-638929220293979113-750x500.jpg; https://cdnv2.tgdd.vn/mwg-static/tgdd/Products/Images/57/344487/sac-du-phong-polymer-khong-day-magnetic-qi2-2-type-c-pd-30w-ugreen-pb773-99-638925786698008770-750x500.jpg,,1590000.0,https://cdnv2.tgdd.vn/mwg-static/tgdd/Products/Images/57/344487/sac-du-phong-polymer-khong-day-magnetic-qi2-2-type-c-pd-30w-ugreen-pb773-thumb-638926650632335177-600x600.jpg,10000 mAh,66%,Li-Polymer,Kèm cáp Type C | Màn hình LED báo hiệu | Power Delivery | Sạc không dây chuẩn Qi2,3 - 4 giờ (dùng Adapter PD 30W),"Sạc không dây 25W (iOS) | Type C/ Cáp Type C: 5V - 3A, 9V - 3A, 10V - 2.25A, 12V - 2.5A, 15V - 2A, 20V - 1.5A (Max 30W)","Type C/ Cáp Type C: 5V - 3A, 9V - 3A, 12V - 2.5A, 15V - 2A, 20V - 1.5A (Max 30W)",Dày 1.9 cm - Rộng 6.8 cm - Dài 10.5 cm,357 g,Trung Quốc,Trung Quốc,Ugreen,,,,,,,,,,,,,,,,,,,,,,,,,,,,,,,,,,,,,,,,,,phukien
Anker 45W A1638 kèm cáp dây rút Type C,https://cdnv2.tgdd.vn/mwg-static/tgdd/Products/Images/57/343008/pin-sac-du-phong-10000mah-type-c-pd-qc-3-0-45w-anker-a1638-01-638919135208665312-750x500.jpg; https://cdnv2.tgdd.vn/mwg-static/tgdd/Products/Images/57/343008/pin-sac-du-phong-10000mah-type-c-pd-qc-3-0-45w-anker-a1638-02-638920585977973009-750x500.jpg; https://cdnv2.tgdd.vn/mwg-static/tgdd/Products/Images/57/343008/pin-sac-du-phong-10000mah-type-c-pd-qc-3-0-45w-anker-a1638-2-638920585971842282-750x500.jpg; https://cdnv2.tgdd.vn/mwg-static/tgdd/Products/Images/57/343008/pin-sac-du-phong-10000mah-type-c-pd-qc-3-0-45w-anker-a1638-3-638920585983754728-750x500.jpg; https://cdnv2.tgdd.vn/mwg-static/tgdd/Products/Images/57/343008/pin-sac-du-phong-10000mah-type-c-pd-qc-3-0-45w-anker-a1638-4-638920585990831490-750x500.jpg; https://cdnv2.tgdd.vn/mwg-static/tgdd/Products/Images/57/343008/pin-sac-du-phong-10000mah-type-c-pd-qc-3-0-45w-anker-a1638-5-638920585996650754-750x500.jpg,,1050000.0,https://cdnv2.tgdd.vn/mwg-static/tgdd/Products/Images/57/343008/pin-sac-du-phong-10000mah-type-c-pd-qc-3-0-45w-anker-a1638-thumb-638937266483895520-600x600.jpg,10000 mAh,60%,Li-Ion,Kèm cáp dây rút Type-C | Màn hình LED báo hiệu | Power Delivery | Quick Charge 3.0,2 - 3 giờ (dùng Adapter 30W),"USB: 5V - 3A, 9V - 2A, 10V - 2.25A, 12V - 1.5A (Max 22.5W) | Type C/ Cáp Type C: 5V - 3A, 9V - 3A, 10V - 2.25A, 12V - 3A, 15V - 3A, 20V- 2.25A (Max 45W)","Type C: 5V - 3A, 9V - 3A, 12V - 2.5A, 15V - 2A (Max 30W)",Dày 3.6 cm - Rộng 5 cm - Dài 8.1 cm,231 g,Trung Quốc,Trung Quốc,Anker,,,,,,,,,,,,,,,,,,,,,,,,,,,,,,,,,,,,,,,,,,phukien
Xmobile 22.5W F13 kèm Cáp Type C,https://cdnv2.tgdd.vn/mwg-static/tgdd/Products/Images/57/344491/pin-sac-du-phong-polymer-10000mah-type-c-pd-22-5w-xmobile-f13-kem-cap-type-c-hong-01-638925958986440977-750x500.jpg; https://cdnv2.tgdd.vn/mwg-static/tgdd/Products/Images/57/344491/sac-du-phong-polymer-10000mah-type-c-pd-22-5w-xmobile-f13-kem-cap-type-c-hong-2-638929259201981729-750x500.jpg; https://cdnv2.tgdd.vn/mwg-static/tgdd/Products/Images/57/344491/sac-du-phong-polymer-10000mah-type-c-pd-22-5w-xmobile-f13-kem-cap-type-c-hong-4-638929259208885293-750x500.jpg; https://cdnv2.tgdd.vn/mwg-static/tgdd/Products/Images/57/344491/sac-du-phong-polymer-10000mah-type-c-pd-22-5w-xmobile-f13-kem-cap-type-c-hong-5-638929259250319665-750x500.jpg; https://cdnv2.tgdd.vn/mwg-static/tgdd/Products/Images/57/344491/sac-du-phong-polymer-10000mah-type-c-pd-22-5w-xmobile-f13-kem-cap-type-c-hong-6-638929259257121591-750x500.jpg; https://cdnv2.tgdd.vn/mwg-static/tgdd/Products/Images/57/344491/pin-sac-du-phong-polymer-10000mah-type-c-pd-22-5w-xmobile-f13-kem-cap-type-c-hong-99-638925958992618266-750x500.jpg,,600000.0,https://cdnv2.tgdd.vn/mwg-static/tgdd/Products/Images/57/344491/sac-du-phong-polymer-10000mah-type-c-pd-22-5w-xmobile-f13-kem-cap-type-c-thumb-638926654804133624-600x600.jpg,10000 mAh,60%,Li-Polymer,Kèm cáp Type C | Màn hình LED báo hiệu | Power Delivery,3 giờ (dùng Adapter PD 20W),"Type C: 5V - 3A, 9V - 2.2A, 12V - 1.67A (Max 20W) | Cáp Type C: 5V - 3A, 9V - 2.2A, 10V - 2.25A, 12V - 1.67A (Max 22.5W)","Type C/ Cáp Type C: 5V - 2A, 9V - 2A, 12V - 1.5A (Max 18W)",Dày 2.5 cm - Rộng 5.5 cm - Dài 7.1 cm,176 g,Thế Giới Di Động,Trung Quốc,Xmobile,,,,,,,,,,,,,,,,,,,,,,,,,,,,,,,,,,,,,,,,,,phukien
Xmobile 22.5W New Power P11 kèm Cáp Type C,https://cdnv2.tgdd.vn/mwg-static/tgdd/Products/Images/57/341849/xmobile-new-power-p11-nau-1-638903805680014410-750x500.jpg; https://cdnv2.tgdd.vn/mwg-static/tgdd/Products/Images/57/341849/xmobile-new-power-p11-nau-2-638903805685238501-750x500.jpg; https://cdnv2.tgdd.vn/mwg-static/tgdd/Products/Images/57/341849/xmobile-new-power-p11-nau-3-638903805691306466-750x500.jpg; https://cdnv2.tgdd.vn/mwg-static/tgdd/Products/Images/57/341849/xmobile-new-power-p11-nau-4-638903805697243983-750x500.jpg; https://cdnv2.tgdd.vn/mwg-static/tgdd/Products/Images/57/341849/xmobile-new-power-p11-nau-5-638903805702858180-750x500.jpg,,590000.0,https://cdnv2.tgdd.vn/mwg-static/tgdd/Products/Images/57/341849/pin-sac-du-phong-polymer-10000mah-khong-day-magnetic-type-c-pd-22-5w-xmobile-new-power-p11-kem-cap-type-c-thumb-638900765166922144-600x600.jpg,10000 mAh,60%,Polymer,Đèn LED báo hiệu | Kèm cáp Type C | Sạc không dây Magnetic | Power Delivery | Chân đế đỡ,3 - 4 giờ (dùng Adapter 2A),"Sạc không dây 15W | Type C/ Cáp Type C: 5V - 3A, 9V - 2.22A, 10V - 2.25A, 12V - 1.67A (Max 22.5W)","Type-C/ Cáp Type-C1: 5V - 3A, 9V - 2A, 12V - 1.5A",Dày 2 cm - Rộng 6.7 cm - Dài 9.8 cm,194.3 g,Thế Giới Di Động,Trung Quốc,Xmobile,,,,,,,,,,,,,,,,,,,,,,,,,,,,,,,,,,,,,,,,,,phukien
Ugreen 20W Uno PB764,https://cdnv2.tgdd.vn/mwg-static/tgdd/Products/Images/57/335788/sac-du-phong-polymer-10000mah-khong-day-qi2-type-c-pd-20w-ugreen-uno-pb764-xam-1-638781705310951319-750x500.jpg; https://cdnv2.tgdd.vn/mwg-static/tgdd/Products/Images/57/335788/sac-du-phong-polymer-10000mah-khong-day-qi2-type-c-pd-20w-ugreen-uno-pb764-xam-2-638781705317689032-750x500.jpg; https://cdnv2.tgdd.vn/mwg-static/tgdd/Products/Images/57/335788/sac-du-phong-polymer-10000mah-khong-day-qi2-type-c-pd-20w-ugreen-uno-pb764-xam-3-638781705304220116-750x500.jpg; https://cdnv2.tgdd.vn/mwg-static/tgdd/Products/Images/57/335788/sac-du-phong-polymer-10000mah-khong-day-qi2-type-c-pd-20w-ugreen-uno-pb764-xam-4-638781705324277235-750x500.jpg; https://cdnv2.tgdd.vn/mwg-static/tgdd/Products/Images/57/335788/sac-du-phong-polymer-10000mah-khong-day-qi2-type-c-pd-20w-ugreen-uno-pb764-xam-5-638781705331153999-750x500.jpg; https://cdnv2.tgdd.vn/mwg-static/tgdd/Products/Images/57/335788/sac-du-phong-polymer-10000mah-khong-day-qi2-type-c-pd-20w-ugreen-uno-pb764-xam-6-638781705339649435-750x500.jpg,,1150000.0,https://cdnv2.tgdd.vn/mwg-static/tgdd/Products/Images/57/335788/sac-du-phong-polymer-10000mah-khong-day-qi2-type-c-pd-20w-ugreen-uno-pb764-thumb-638781903605511945-600x600.jpg,10000 mAh,60%,Polymer,Màn hình TFT (15+ biểu tượng cảm xúc) | Power Delivery | Sạc không dây chuẩn Qi2,3.5 giờ (dùng Adapter PD 20W),"Sạc không dây: 5 W - 7.5 W - 10 W - 15 W | Type C: 5V - 3A, 9V - 2.22A, 12V - 1.5A (Max 20W)","Type C: 5V - 3A, 9V - 2.22A, 12V - 1.5A (Max 20W)",Dày 2.2 cm - Rộng 7 cm - Dài 10.6 cm,240 g,Trung Quốc,Trung Quốc,Ugreen,,,,,,,,,,,,,,,,,,,,,,,,,,,,,,,,,,,,,,,,,,phukien
Baseus Nomos 45W PPNMS-1030SC kèm Cáp Type C,https://cdnv2.tgdd.vn/mwg-static/tgdd/Products/Images/57/332130/sac-du-phong-10000mah-magnetic-qi2-type-c-pd-45w-baseus-nomos-ppnms-1030sc-1-638676999094152389-750x500.jpg; https://cdnv2.tgdd.vn/mwg-static/tgdd/Products/Images/57/332130/sac-du-phong-10000mah-magnetic-qi2-type-c-pd-45w-baseus-nomos-ppnms-1030sc-2-638676999108254030-750x500.jpg; https://cdnv2.tgdd.vn/mwg-static/tgdd/Products/Images/57/332130/sac-du-phong-10000mah-magnetic-qi2-type-c-pd-45w-baseus-nomos-ppnms-1030sc-3-638676999121739828-750x500.jpg; https://cdnv2.tgdd.vn/mwg-static/tgdd/Products/Images/57/332130/sac-du-phong-10000mah-magnetic-qi2-type-c-pd-45w-baseus-nomos-ppnms-1030sc-4-638676999128517625-750x500.jpg; https://cdnv2.tgdd.vn/mwg-static/tgdd/Products/Images/57/332130/sac-du-phong-10000mah-magnetic-qi2-type-c-pd-45w-baseus-nomos-ppnms-1030sc-5-638676999143325308-750x500.jpg; https://cdnv2.tgdd.vn/mwg-static/tgdd/Products/Images/57/332130/sac-du-phong-10000mah-magnetic-qi2-type-c-pd-45w-baseus-nomos-ppnms-1030sc-6-638676999149531492-750x500.jpg,,890000.0,https://cdnv2.tgdd.vn/mwg-static/tgdd/Products/Images/57/332130/sac-du-phong-10000mah-magnetic-qi2-type-c-pd-45w-baseus-nomos-ppnms-1030sc-thumb-638677155289096764-600x600.jpg,10000 mAh,55%,Li-Ion,Power Delivery | Sạc không dây chuẩn Qi2 | Chân đế đỡ,3 - 4 giờ (dùng Adapter 3A),"Type C/ Cáp Type C: 5V -3A, 9V - 3A, 12V - 2.5A, 15V - 2.67A, 10V - 2.25A, PPS 5-11V - 5A (Max 45W) | Sạc không dây: 5W - 7.5W - 15W","Type C/ Cáp Type C: 5V - 3A, 9V - 3A, 12V - 2.5A, 15V - 2A (Max 30W)",Dày 1.96 cm - Rộng 6.79 cm - Dài 10.8 cm,232 g,Trung Quốc,Trung Quốc,Baseus,,,,,,,,,,,,,,,,,,,,,,,,,,,,,,,,,,,,,,,,,,phukien
Ugreen 20W PB763,https://cdnv2.tgdd.vn/mwg-static/tgdd/Products/Images/57/335785/pin-sac-du-phong-polymer-10000mah-khong-day-qi2-type-c-pd-20w-ugreen-pb763-1-638781759560686720-750x500.jpg; https://cdnv2.tgdd.vn/mwg-static/tgdd/Products/Images/57/335785/pin-sac-du-phong-polymer-10000mah-khong-day-qi2-type-c-pd-20w-ugreen-pb763-2-638781759566721807-750x500.jpg; https://cdnv2.tgdd.vn/mwg-static/tgdd/Products/Images/57/335785/pin-sac-du-phong-polymer-10000mah-khong-day-qi2-type-c-pd-20w-ugreen-pb763-3-638781759575119987-750x500.jpg; https://cdnv2.tgdd.vn/mwg-static/tgdd/Products/Images/57/335785/pin-sac-du-phong-polymer-10000mah-khong-day-qi2-type-c-pd-20w-ugreen-pb763-4-638781759582855677-750x500.jpg; https://cdnv2.tgdd.vn/mwg-static/tgdd/Products/Images/57/335785/pin-sac-du-phong-polymer-10000mah-khong-day-qi2-type-c-pd-20w-ugreen-pb763-5-638781759593705556-750x500.jpg; https://cdnv2.tgdd.vn/mwg-static/tgdd/Products/Images/57/335785/pin-sac-du-phong-polymer-10000mah-khong-day-qi2-type-c-pd-20w-ugreen-pb763-6-638781759601935512-750x500.jpg,,890000.0,https://cdnv2.tgdd.vn/mwg-static/tgdd/Products/Images/57/335785/pin-sac-du-phong-polymer-10000mah-khong-day-qi2-type-c-pd-20w-ugreen-pb763-thumb-638781870885299876-600x600.jpg,10000 mAh,60%,Polymer,Power Delivery | Sạc không dây chuẩn Qi2,3.2 giờ (dùng Adapter PD 20W),"Sạc không dây 15W | Type C: 5V - 2.4A, 5V - 3A, 9V - 2.22A, 12V - 1.67A (Max 20W)","Type C: 5V - 3A, 9V - 2.22A (Max 20W)",Dày 2 cm - Rộng 6.9 cm - Dài 10.5 cm,225 g,Trung Quốc,Trung Quốc,Ugreen,,,,,,,,,,,,,,,,,,,,,,,,,,,,,,,,,,,,,,,,,,phukien
Baseus PicoGo 45W PPPG-1W45C kèm Cáp Type C,https://cdnv2.tgdd.vn/mwg-static/tgdd/Products/Images/57/332129/pin-sac-du-phong-10000mah-type-c-pd-qc-3-0-45w-baseus-picogo-pppg-1w45c-1-638677175230697544-750x500.jpg; https://cdnv2.tgdd.vn/mwg-static/tgdd/Products/Images/57/332129/pin-sac-du-phong-10000mah-type-c-pd-qc-3-0-45w-baseus-picogo-pppg-1w45c-2-638677175225207014-750x500.jpg; https://cdnv2.tgdd.vn/mwg-static/tgdd/Products/Images/57/332129/pin-sac-du-phong-10000mah-type-c-pd-qc-3-0-45w-baseus-picogo-pppg-1w45c-3-638677175219152577-750x500.jpg; https://cdnv2.tgdd.vn/mwg-static/tgdd/Products/Images/57/332129/pin-sac-du-phong-10000mah-type-c-pd-qc-3-0-45w-baseus-picogo-pppg-1w45c-4-638677175213724015-750x500.jpg; https://cdnv2.tgdd.vn/mwg-static/tgdd/Products/Images/57/332129/pin-sac-du-phong-10000mah-type-c-pd-qc-3-0-45w-baseus-picogo-pppg-1w45c-5-638677175204273844-750x500.jpg,,590000.0,https://cdnv2.tgdd.vn/mwg-static/tgdd/Products/Images/57/332129/pin-sac-du-phong-10000mah-type-c-pd-qc-3-0-45w-baseus-picogo-pppg-1w45c-thumb-1-638677328901346541-600x600.jpg,10000 mAh,55%,Li-Ion,Màn hình LED báo hiệu | Power Delivery | Quick Charge 3.0,3 - 4 giờ (dùng Adapter 3A),"USB: 5V - 3A, 9V - 2V, 12V - 1.5A, 10V - 2.25A (SCP) | Type C/ Cáp Type C: 5V -3A, 9V - 3A, 12V - 3A, 15V - 3A, PPS 5-11V - 5A (Max 45W)","Type C/ Cáp Type C: 5V - 3A, 9V - 3A, 12V - 2.5A, 15V - 2A (Max 30W)",Dài 8.7 cm - Rộng 5.8 cm - Dày 2.5 cm,204 g,Trung Quốc,Trung Quốc,Baseus,,,,,,,,,,,,,,,,,,,,,,,,,,,,,,,,,,,,,,,,,,phukien
Ugreen 30W PB502,https://cdnv2.tgdd.vn/mwg-static/tgdd/Products/Images/57/341412/pin-sac-du-phong-10000mah-type-c-pd-qc-3-0-30w-ugreen-pb502-1-638891213426457019-750x500.jpg; https://cdnv2.tgdd.vn/mwg-static/tgdd/Products/Images/57/341412/pin-sac-du-phong-10000mah-type-c-pd-qc-3-0-30w-ugreen-pb502-2-638891213434656317-750x500.jpg; https://cdnv2.tgdd.vn/mwg-static/tgdd/Products/Images/57/341412/pin-sac-du-phong-10000mah-type-c-pd-qc-3-0-30w-ugreen-pb502-3-638891213441186124-750x500.jpg; https://cdnv2.tgdd.vn/mwg-static/tgdd/Products/Images/57/341412/pin-sac-du-phong-10000mah-type-c-pd-qc-3-0-30w-ugreen-pb502-99-638920618172297247-750x500.jpg,,450000.0,https://cdnv2.tgdd.vn/mwg-static/tgdd/Products/Images/57/341412/pin-sac-du-phong-10000mah-type-c-pd-qc-3-0-30w-ugreen-pb502-thumb-638891213243173237-600x600.jpg,10000 mAh,63%,Li-Ion,Màn hình LED báo hiệu | Power Delivery | Quick Charge 3.0,2 - 3 giờ (dùng Adapter PD 30W),"USB: 5V - 3A, 9V - 2A, 12V - 1.5A, 10V - 2.25A (Max 22.5W) | Type C: 5V - 3A, 9V - 3A, 12V - 2.5, 15V - 2A (Max 30W), (PPS): 3.3-11V - 3A (Max 33W)","Cáp Type C: 5V - 3A, 9V - 3A, 12V - 2.5A, 15V - 2A (Max 30W)",Dày 2.55 cm - Rộng 5.2 cm - Dài 10.5 cm,270 g,Trung Quốc,Trung Quốc,Ugreen,,,,,,,,,,,,,,,,,,,,,,,,,,,,,,,,,,,,,,,,,,phukien
Xmobile 22.5W MH811 kèm Cáp Lightning và Type C,https://cdnv2.tgdd.vn/mwg-static/tgdd/Products/Images/57/329400/sac-du-phong-polymer-20000mah-type-c-pd-qc-3-0-22-5w-xmobile-mh811-hong-1-638604726598982319-750x500.jpg; https://cdnv2.tgdd.vn/mwg-static/tgdd/Products/Images/57/329400/sac-du-phong-polymer-20000mah-type-c-pd-qc-3-0-22-5w-xmobile-mh811-hong-2-638604726592460018-750x500.jpg; https://cdnv2.tgdd.vn/mwg-static/tgdd/Products/Images/57/329400/sac-du-phong-polymer-20000mah-type-c-pd-qc-3-0-22-5w-xmobile-mh811-hong-3-638604726585102712-750x500.jpg; https://cdnv2.tgdd.vn/mwg-static/tgdd/Products/Images/57/329400/sac-du-phong-polymer-20000mah-type-c-pd-qc-3-0-22-5w-xmobile-mh811-hong-4-638604726577851359-750x500.jpg; https://cdnv2.tgdd.vn/mwg-static/tgdd/Products/Images/57/329400/sac-du-phong-polymer-20000mah-type-c-pd-qc-3-0-22-5w-xmobile-mh811-hong-5-638605457846312372-750x500.jpg,,670000.0,https://cdn.tgdd.vn/Products/Images/57/329400/sac-du-phong-polymer-20000mah-type-c-pd-qc-3-0-22-5w-xmobile-mh811-thumb-1-600x600.jpg,20000 mAh,60%,Polymer,Màn hình LED báo hiệu | Power Delivery | Quick Charge 3.0,6 giờ (dùng Adapter 3A),"USB: 10V - 2.25A, 5V - 3A, 9V - 2A, 12V - 1.5A (Max 22.5W) | Type C, Cáp Type C: 5V - 3A, 9V - 2.22A, 10V - 2.25A, 12V - 1.67A (Max 22.5W) | Cáp Lightning: 5V - 2A","Type C: 5V - 3A, 9V - 2A, 12V - 1.5A",Dày 3.2 cm - Ngang 7.1 cm - Dài 10 cm,318 g,Thế Giới Di Động,Trung Quốc,Xmobile,,,,,,,,,,,,,,,,,,,,,,,,,,,,,,,,,,,,,,,,,,phukien
Baseus 65W Free2Pull PPLSC01-20 kèm cáp Type C,https://cdn.tgdd.vn/Products/Images/57/328672/pin-sac-du-phong-polymer-20000mah-type-c-pd-65w-baseus-free2pull-pplsc01-20-den-1-750x500.jpg; https://cdn.tgdd.vn/Products/Images/57/328672/pin-sac-du-phong-polymer-20000mah-type-c-pd-65w-baseus-free2pull-pplsc01-20-den-2-750x500.jpg; https://cdn.tgdd.vn/Products/Images/57/328672/pin-sac-du-phong-polymer-20000mah-type-c-pd-65w-baseus-free2pull-pplsc01-20-den-3-750x500.jpg; https://cdn.tgdd.vn/Products/Images/57/328672/pin-sac-du-phong-polymer-20000mah-type-c-pd-65w-baseus-free2pull-pplsc01-20-den-4-750x500.jpg; https://cdn.tgdd.vn/Products/Images/57/328672/pin-sac-du-phong-polymer-20000mah-type-c-pd-65w-baseus-free2pull-pplsc01-20-den-5-750x500.jpg,,1050000.0,https://cdn.tgdd.vn/Products/Images/57/328672/pin-sac-du-phong-polymer-20000mah-type-c-pd-65w-baseus-free2pull-pplsc01-20-thumb-600x600.jpg,20000 mAh,50%,Polymer,Màn hình LED báo hiệu | Power Delivery | Cáp dây rút Type C dài 70 cm,3 - 4 giờ (dùng Adapter 3A),"Type C: 5V - 3A, 9V - 3A, 10V - 2.25A (SCP), 12V - 3A, 15V - 3A, 20V - 3.25A | Cáp Type C: 5V - 3A, 9V - 3A, 10V - 2.25A (SCP), 12V - 3A, 15V - 3A, 20V - 3A","Cáp Type C: 5V - 3A, 9V - 3A, 12V - 3A, 15V - 3A, 20V - 3A | Type C: 5V - 3A, 9V - 3A, 12V - 3A, 15V - 3A, 20V - 3.25A",Dày 3.4 cm - Rộng 7.2 cm - Dài 15.45 cm,433.6 g,Trung Quốc,Trung Quốc,Baseus,,,,,,,,,,,,,,,,,,,,,,,,,,,,,,,,,,,,,,,,,,phukien
Xmobile 22.5W NeoMice GN-82 kèm Cáp Lightning và Type C,https://cdnv2.tgdd.vn/mwg-static/tgdd/Products/Images/57/337128/pin-sac-du-phong-10000mah-type-c-pd-22-5w-xmobile-neomice-gn-82-trang-1-638812731051955817-750x500.jpg; https://cdnv2.tgdd.vn/mwg-static/tgdd/Products/Images/57/337128/pin-sac-du-phong-10000mah-type-c-pd-22-5w-xmobile-neomice-gn-82-trang-2-638812731040572589-750x500.jpg; https://cdnv2.tgdd.vn/mwg-static/tgdd/Products/Images/57/337128/pin-sac-du-phong-10000mah-type-c-pd-22-5w-xmobile-neomice-gn-82-trang-3-638812731046384933-750x500.jpg; https://cdnv2.tgdd.vn/mwg-static/tgdd/Products/Images/57/337128/pin-sac-du-phong-10000mah-type-c-pd-22-5w-xmobile-neomice-gn-82-trang-4-638812731057815483-750x500.jpg,,450000.0,https://cdnv2.tgdd.vn/mwg-static/tgdd/Products/Images/57/337128/pin-sac-du-phong-10000mah-type-c-pd-22-5w-xmobile-neomice-gn-82-thumb-1-638813777799714355-600x600.jpg,10000 mAh,60%,Li-Ion,"Kèm cáp Type C, cáp Lightning | Màn hình LED báo hiệu | Power Delivery",2 - 3 giờ (dùng Adapter 2A),"Type C: 5V - 3A, 9V - 2.22A, 12V - 1.67A (Max 20W) | Cáp Lightning: 5V - 2.4A (Max 12W) | Cáp Type C: 5V - 3A, 9V - 2A, 10V - 2.25A, 12V - 1.5A (Max 22.5W)","Type C: 5V - 3A, 9V - 2A (Max 18W)",Dày 2.9 cm - Rộng 6.2 cm - Dài 9.4 cm,188 g,Thế Giới Di Động,Trung Quốc,Xmobile,,,,,,,,,,,,,,,,,,,,,,,,,,,,,,,,,,,,,,,,,,phukien
Xmobile 22.5W Cookie AX119 kèm Cáp Type C,https://cdnv2.tgdd.vn/mwg-static/tgdd/Products/Images/57/341848/pin-sac-du-phong-polymer-10000mah-type-c-pd-22-5w-xmobile-cookie-ax119-kem-cap-type-c-1-638900759865349464-750x500.jpg; https://cdnv2.tgdd.vn/mwg-static/tgdd/Products/Images/57/341848/pin-sac-du-phong-polymer-10000mah-type-c-pd-22-5w-xmobile-cookie-ax119-kem-cap-type-c-2-638902725958073760-750x500.jpg; https://cdnv2.tgdd.vn/mwg-static/tgdd/Products/Images/57/341848/pin-sac-du-phong-polymer-10000mah-type-c-pd-22-5w-xmobile-cookie-ax119-kem-cap-type-c-3-638902725964709365-750x500.jpg; https://cdnv2.tgdd.vn/mwg-static/tgdd/Products/Images/57/341848/pin-sac-du-phong-polymer-10000mah-type-c-pd-22-5w-xmobile-cookie-ax119-kem-cap-type-c-4-638902725970968351-750x500.jpg; https://cdnv2.tgdd.vn/mwg-static/tgdd/Products/Images/57/341848/pin-sac-du-phong-polymer-10000mah-type-c-pd-22-5w-xmobile-cookie-ax119-kem-cap-type-c-6-638902725976820403-750x500.jpg,,470000.0,https://cdnv2.tgdd.vn/mwg-static/tgdd/Products/Images/57/341848/pin-sac-du-phong-polymer-10000mah-type-c-pd-22-5w-xmobile-cookie-ax119-kem-cap-type-c-thumb-638900759749135126-600x600.jpg,10000 mAh,60%,Polymer,Đèn LED báo hiệu | Kèm cáp Type C | Power Delivery,3 - 4 giờ (dùng Adapter 2A),"Type C/ Cáp Type C: 5V - 3A, 9V - 2.22A, 10V - 2.25A, 12V - 1.67A (Max 22.5W)","Type C: 5V - 3A, 9V - 2A, 12V - 1.5A (Max 18W)",Dày 2.6 cm - Rộng 6.2 cm - Dài 7.2 cm,174.5 g,Thế Giới Di Động,Trung Quốc,Xmobile,,,,,,,,,,,,,,,,,,,,,,,,,,,,,,,,,,,,,,,,,,phukien
Xmobile 20W JP331,https://cdnv2.tgdd.vn/mwg-static/tgdd/Products/Images/57/329398/sac-du-phong-polymer-10000mah-khong-day-magnetic-type-c-20w-xmobile-jp331-xanh-1-638604610067022822-750x500.jpg; https://cdnv2.tgdd.vn/mwg-static/tgdd/Products/Images/57/329398/sac-du-phong-polymer-10000mah-khong-day-magnetic-type-c-20w-xmobile-jp331-xanh-2-638604610060012282-750x500.jpg; https://cdnv2.tgdd.vn/mwg-static/tgdd/Products/Images/57/329398/sac-du-phong-polymer-10000mah-khong-day-magnetic-type-c-20w-xmobile-jp331-xanh-3-638604610054251325-750x500.jpg; https://cdnv2.tgdd.vn/mwg-static/tgdd/Products/Images/57/329398/sac-du-phong-polymer-10000mah-khong-day-magnetic-type-c-20w-xmobile-jp331-xanh-4-638604610047257467-750x500.jpg; https://cdnv2.tgdd.vn/mwg-static/tgdd/Products/Images/57/329398/sac-du-phong-polymer-10000mah-khong-day-magnetic-type-c-20w-xmobile-jp331-6-638774638140195025-750x500.jpg,,550000.0,https://cdn.tgdd.vn/Products/Images/57/329398/sac-du-phong-polymer-10000mah-khong-day-magnetic-type-c-20w-xmobile-jp331-thumb-2-600x600.jpg,10000 mAh,64%,Polymer,Đèn LED báo hiệu | Sạc không dây Magnetic | Power Delivery,Khoảng 3 giờ (dùng Adapter 3A),"Type C: 5V - 3A, 9V - 2.22A, 12V - 1.67A (Max 20 W) | Magnetic: 5 W - 7.5 W - 10 W - 15 W","Type C: 5V - 3A, 9V - 2A (Max 18 W)",Dày 1.91 cm - Rộng 6.65 cm - Dài 10.3 cm,192 g,Thế Giới Di Động,Trung Quốc,Xmobile,,,,,,,,,,,,,,,,,,,,,,,,,,,,,,,,,,,,,,,,,,phukien
Xmobile 22.5W H19 kèm Cáp Lightning và Type C,https://cdnv2.tgdd.vn/mwg-static/tgdd/Products/Images/57/337131/pin-sac-du-phong-10000mah-type-c-pd-22-5w-xmobile-h19-kem-cap-lightning-type-c-den-2-638812882752245483-750x500.jpg; https://cdnv2.tgdd.vn/mwg-static/tgdd/Products/Images/57/337131/pin-sac-du-phong-10000mah-type-c-pd-22-5w-xmobile-h19-kem-cap-lightning-type-c-den-3-638812882759049703-750x500.jpg; https://cdnv2.tgdd.vn/mwg-static/tgdd/Products/Images/57/337131/pin-sac-du-phong-10000mah-type-c-pd-22-5w-xmobile-h19-kem-cap-lightning-type-c-den-4-638812882768733876-750x500.jpg; https://cdnv2.tgdd.vn/mwg-static/tgdd/Products/Images/57/337131/pin-sac-du-phong-10000mah-type-c-pd-22-5w-xmobile-h19-kem-cap-lightning-type-c-den-5-638812882775332448-750x500.jpg; https://cdnv2.tgdd.vn/mwg-static/tgdd/Products/Images/57/337131/pin-sac-du-phong-10000mah-type-c-pd-22-5w-xmobile-h19-kem-cap-lightning-type-c-den-6-638812882781916821-750x500.jpg; https://cdnv2.tgdd.vn/mwg-static/tgdd/Products/Images/57/337131/pin-sac-du-phong-10000mah-type-c-pd-22-5w-xmobile-h19-kem-cap-lightning-type-c-den-7-638812882788691034-750x500.jpg,,470000.0,https://cdnv2.tgdd.vn/mwg-static/tgdd/Products/Images/57/337131/pin-sac-du-phong-10000mah-type-c-pd-22-5w-xmobile-h19-kem-cap-lightning-type-c-thumb-638815341411830573-600x600.jpg,10000 mAh,60%,Li-Ion,"Kèm cáp Type C, cáp Lightning | Màn hình LED báo hiệu | Power Delivery",2 - 3 giờ (dùng Adapter 2A),"Type C: 5V - 3A, 9V - 2.22A, 12V - 1.67A (Max 20W) | Cáp Type C: 5V - 3A, 9V - 2A, 12V - 1.5A, 10V - 2.25A (Max 22.5W) | Cáp Lightning: 5V - 2A (Max 10W)","Type C: 5V - 3A, 9V - 2A, 12V - 1.5A (Max 18W)",Dày 2.4 cm - Rộng 6.3 cm - Dài 6.9 cm,160 g,Thế Giới Di Động,Trung Quốc,Xmobile,,,,,,,,,,,,,,,,,,,,,,,,,,,,,,,,,,,,,,,,,,phukien
Cáp Lightning 1m Baseus Discolor CB000104,https://cdnv2.tgdd.vn/mwg-static/tgdd/Products/Images/58/337924/cap-lightning-1m-baseus-discolor-cb000104-xanh-1-638827408541207758-750x500.jpg; https://cdnv2.tgdd.vn/mwg-static/tgdd/Products/Images/58/337924/cap-lightning-1m-baseus-discolor-cb000104-xanh-2-638827408547458789-750x500.jpg; https://cdnv2.tgdd.vn/mwg-static/tgdd/Products/Images/58/337924/cap-lightning-1m-baseus-discolor-cb000104-xanh-3-638827408552734156-750x500.jpg; https://cdnv2.tgdd.vn/mwg-static/tgdd/Products/Images/58/337924/cap-lightning-1m-baseus-discolor-cb000104-xanh-4-638827408558746763-750x500.jpg; https://cdnv2.tgdd.vn/mwg-static/tgdd/Products/Images/58/337924/cap-lightning-1m-baseus-discolor-cb000104-xanh-5-638827408564303625-750x500.jpg; https://cdnv2.tgdd.vn/mwg-static/tgdd/Products/Images/58/337924/cap-lightning-1m-baseus-discolor-cb000104-xanh-6-638827408571261343-750x500.jpg,,140000.0,https://cdnv2.tgdd.vn/mwg-static/tgdd/Products/Images/58/337924/cap-lightning-1m-baseus-discolor-cb000104-thumb-638827590085622763-600x600.jpg,,,,,,,,,,Trung Quốc,Trung Quốc,Baseus,Sạc,USB Type-A,Lightning: 5V - 2.4A (Max 12W),1 m,12 W,,,,,,,,,,,,,,,,,,,,,,,,,,,,,,,,,,,,,phukien
Sạc 4 cổng Anker Zolo kèm Cáp Type C - Type C 1.5m B2697,https://cdnv2.tgdd.vn/mwg-static/tgdd/Products/Images/9499/336363/adapter-sac-4-cong-usb-type-c-iq3-gan-140w-ai-led-display-anker-zolo-b2697-1-638809503322505815-750x500.jpg; https://cdnv2.tgdd.vn/mwg-static/tgdd/Products/Images/9499/336363/adapter-sac-4-cong-usb-type-c-iq3-gan-140w-ai-led-display-anker-zolo-b2697-2-638809503331298236-750x500.jpg; https://cdnv2.tgdd.vn/mwg-static/tgdd/Products/Images/9499/336363/adapter-sac-4-cong-usb-type-c-iq3-gan-140w-ai-led-display-anker-zolo-b2697-3-638809503337819438-750x500.jpg; https://cdnv2.tgdd.vn/mwg-static/tgdd/Products/Images/9499/336363/adapter-sac-4-cong-usb-type-c-iq3-gan-140w-ai-led-display-anker-zolo-b2697-4-638796530311754635-750x500.jpg,,1190000.0,https://cdnv2.tgdd.vn/mwg-static/tgdd/Products/Images/9499/336363/adapter-sac-4-cong-usb-type-c-iq3-gan-140w-ai-led-display-anker-zolo-b2697-thumb3-638907886956924599-600x600.jpg,,,,Công nghệ GaN | PowerIQ 3.0 (Tương thích PD và PPS) | ActiveShield 2.0,,,,Dài 6.9 cm - Ngang 3.6 cm - Cao 3.6 cm,,Trung Quốc,Trung Quốc,Anker,,"100-240V~50/60Hz, 2.6A","Type C1/C2: 9V - 3A, 15V - 3A, 20V - 5A, 28V - 5A (Max 140W) | Type C3: 5V - 3A, 9V - 3A, 15V - 2.65A, 20V - 2A (Max 40W) | USB: 5V - 3A, 9V - 2A, 12V - 1.5A, 10V - 2.25A, 11V - 3A (Max 33W)",,,B2697,140 W,,,,,,,,,,,,,,,,,,,,,,,,,,,,,,,,,,,phukien
Cáp Type C - Type C 1m Ugreen US535 15311,https://cdnv2.tgdd.vn/mwg-static/tgdd/Products/Images/58/332243/cap-type-c-type-c-1m-ugreen-us535-15311-1-638678173709422804-750x500.jpg; https://cdnv2.tgdd.vn/mwg-static/tgdd/Products/Images/58/332243/cap-type-c-type-c-1m-ugreen-us535-15311-2-638678173699565409-750x500.jpg; https://cdnv2.tgdd.vn/mwg-static/tgdd/Products/Images/58/332243/cap-type-c-type-c-1m-ugreen-us535-15311-3-638678173691536830-750x500.jpg; https://cdnv2.tgdd.vn/mwg-static/tgdd/Products/Images/58/332243/cap-type-c-type-c-1m-ugreen-us535-15311-4-638693352175853413-750x500.jpg,,200000.0,https://cdnv2.tgdd.vn/mwg-static/tgdd/Products/Images/58/332243/cap-type-c-type-c-1m-ugreen-us535-15311-thumb-638678174599233378-600x600.jpg,,,,Hỗ trợ sạc nhanh,,,,,,Trung Quốc,Trung Quốc,Ugreen,Sạc | Truyền dữ liệu,USB Type-C,USB Type-C,1 m,240 W,,,,,,,,,,,,,,,,,,,,,,,,,,,,,,,,,,,,,phukien
Sạc 3 cổng Xmobile DS260A,https://cdnv2.tgdd.vn/mwg-static/tgdd/Products/Images/9499/340153/adapter-sac-3-cong-usb-type-c-pd-qc30-gan-100w-xmobile-ds260a-1-638896641975716687-750x500.jpg; https://cdnv2.tgdd.vn/mwg-static/tgdd/Products/Images/9499/340153/adapter-sac-3-cong-usb-type-c-pd-qc30-gan-100w-xmobile-ds260a-2-638896641981572295-750x500.jpg; https://cdnv2.tgdd.vn/mwg-static/tgdd/Products/Images/9499/340153/adapter-sac-3-cong-usb-type-c-pd-qc30-gan-100w-xmobile-ds260a-3-638896641986860361-750x500.jpg; https://cdnv2.tgdd.vn/mwg-static/tgdd/Products/Images/9499/340153/adapter-sac-3-cong-usb-type-c-pd-qc30-gan-100w-xmobile-ds260a-4-638896641995066341-750x500.jpg; https://cdnv2.tgdd.vn/mwg-static/tgdd/Products/Images/9499/340153/adapter-sac-3-cong-usb-type-c-pd-qc30-gan-100w-xmobile-ds260a-5-638896642000654450-750x500.jpg; https://cdnv2.tgdd.vn/mwg-static/tgdd/Products/Images/9499/340153/adapter-sac-3-cong-usb-type-c-pd-qc30-gan-100w-xmobile-ds260a-6-638896642010110384-750x500.jpg,,585000.0,https://cdnv2.tgdd.vn/mwg-static/tgdd/Products/Images/9499/340153/adapter-sac-3-cong-usb-type-c-pd-qc30-gan-100w-xmobile-ds260a-thumb-638876687518108790-600x600.jpg,,,,Công nghệ GaN | Power Delivery | Quick Charge 3.0,,,,Dài 4.66 cm - Ngang 4.06 cm - Cao 9.27 cm,,Trung Quốc,Trung Quốc,Xmobile,,"100-240V~50/60Hz, 2A","USB: 5V - 3A, 9V - 2A, 12V - 1.5A, 10V - 2.25A (Max 22.5W) | Type C1/C2: 5V - 3A, 9V - 3A, 15V - 3A, 20V - 5A, 5-21V - 5A (Max 100W)",,,DS260A,100 W,,,,,,,,,,,,,,,,,,,,,,,,,,,,,,,,,,,phukien
Adapter chuyển đổi Type C 4 in 1 Xmobile DS606H,https://cdnv2.tgdd.vn/mwg-static/tgdd/Products/Images/12979/326874/adapter-chuyen-doi-type-c-4-in-1-xmobile-ds606h-1-638844622837741723-750x500.jpg; https://cdnv2.tgdd.vn/mwg-static/tgdd/Products/Images/12979/326874/adapter-chuyen-doi-type-c-4-in-1-xmobile-ds606h-2-638844622844089411-750x500.jpg; https://cdnv2.tgdd.vn/mwg-static/tgdd/Products/Images/12979/326874/adapter-chuyen-doi-type-c-4-in-1-xmobile-ds606h-3-638844622851006583-750x500.jpg; https://cdnv2.tgdd.vn/mwg-static/tgdd/Products/Images/12979/326874/adapter-chuyen-doi-type-c-4-in-1-xmobile-ds606h-4-638844622856710944-750x500.jpg; https://cdnv2.tgdd.vn/mwg-static/tgdd/Products/Images/12979/326874/adapter-chuyen-doi-type-c-4-in-1-xmobile-ds606h-5-638844622863593810-750x500.jpg; https://cdnv2.tgdd.vn/mwg-static/tgdd/Products/Images/12979/326874/adapter-chuyen-doi-type-c-4-in-1-xmobile-ds606h-6-638844622872099344-750x500.jpg,,310000.0,https://cdn.tgdd.vn/Products/Images/12979/326874/adapter-chuyen-doi-type-c-4-in-1-xmobile-ds606h-190624-090855-600x600.jpg,,,,,,,,Hãng không công bố,,Thế Giới Di Động,Trung Quốc,Xmobile,Xuất hình ảnh | Chuyển đổi cổng kết nối | Truyền dữ liệu,,1 Type C | 1 HDMI | 2 USB 3.0,0.125 m,100 W,,,Laptop hỗ trợ cổng Type C,USB 3.0 (5 Gbps) | USB 2.0 (480 Mbps),HDMI 1.4,4K 30Hz,Type-C,,,,,,,,,,,,,,,,,,,,,,,,,,,,,,phukien
Cáp Type C - Type C 2m Xmobile DR-T11,https://cdn.tgdd.vn/Products/Images/58/328421/cap-type-c-type-c-2m-xmobile-dr-t11-1-750x500.jpg; https://cdn.tgdd.vn/Products/Images/58/328421/cap-type-c-type-c-2m-xmobile-dr-t11-2-750x500.jpg; https://cdn.tgdd.vn/Products/Images/58/328421/cap-type-c-type-c-2m-xmobile-dr-t11-3-750x500.jpg; https://cdn.tgdd.vn/Products/Images/58/328421/cap-type-c-type-c-2m-xmobile-dr-t11-4-750x500.jpg; https://cdn.tgdd.vn/Products/Images/58/328421/cap-type-c-type-c-2m-xmobile-dr-t11-5-750x500.jpg; https://cdn.tgdd.vn/Products/Images/58/328421/cap-type-c-type-c-2m-xmobile-dr-t11-6-750x500.jpg,,175000.0,https://cdn.tgdd.vn/Products/Images/58/328421/cap-type-c-type-c-2m-xmobile-dr-t11-thumb-01-600x600.jpg,,,,Hỗ trợ sạc nhanh,,,,,,Thế Giới Di Động,Trung Quốc,Xmobile,Sạc,USB Type-C,"Type C: 5V - 3A, 9V - 2A, 12V - 3A, 15V - 3A, 20V - 3A (Max 60 W)",2 m,60 W,,,,,,,,,,,,,,,,,,,,,,,,,,,,,,,,,,,,,phukien
Sạc 3 cổng kèm Cáp Type C Baseus EnerCore CJ11 E0120H,https://cdnv2.tgdd.vn/mwg-static/tgdd/Products/Images/9499/341747/adapter-sac-3-cong-type-c-pd-gan6-67w-kem-cap-type-c-baseus-enercore-cj11-e0120h-1-638903847695063169-750x500.jpg; https://cdnv2.tgdd.vn/mwg-static/tgdd/Products/Images/9499/341747/adapter-sac-3-cong-type-c-pd-gan6-67w-kem-cap-type-c-baseus-enercore-cj11-e0120h-2-638903847709297676-750x500.jpg; https://cdnv2.tgdd.vn/mwg-static/tgdd/Products/Images/9499/341747/adapter-sac-3-cong-type-c-pd-gan6-67w-kem-cap-type-c-baseus-enercore-cj11-e0120h-03-638899253457053037-750x500.jpg; https://cdnv2.tgdd.vn/mwg-static/tgdd/Products/Images/9499/341747/adapter-sac-3-cong-type-c-pd-gan6-67w-kem-cap-type-c-baseus-enercore-cj11-e0120h-3-638903847716000244-750x500.jpg,,820000.0,https://cdnv2.tgdd.vn/mwg-static/tgdd/Products/Images/9499/341747/adapter-sac-3-cong-type-c-pd-gan6-67w-kem-cap-type-c-baseus-enercore-cj11-e0120h-thumb-638899250604869107-600x600.jpg,,,,Sạc nhanh | Công nghệ GaN6 | Power Delivery | Adapter có cáp dây rút đính kèm,,,,Dài 7 cm - Ngang 5.7 cm - Cao 3.6 cm,,Trung Quốc,Trung Quốc,Baseus,,100-240V~50/60Hz 1.8A,"Type C1/C2/C3: 5V - 3A, 9V - 3A, 12V - 3A, 15V - 3A, 20V - 3.35A (Max 67W)",,,E0120H,67 W,,,,,,,,,,,,,,,,,,,,,,,,,,,,,,,,,,,phukien
Cáp Type C - Lightning MFI 0.9m Anker 322 A81B5,https://cdn.tgdd.vn/Products/Images/58/312263/cap-type-c-lightning-mfi-0-9m-anker-322-a81b5-1-1-750x500.jpg; https://cdn.tgdd.vn/Products/Images/58/312263/cap-type-c-lightning-mfi-0-9m-anker-322-a81b5-2-1-750x500.jpg; https://cdn.tgdd.vn/Products/Images/58/312263/cap-type-c-lightning-mfi-0-9m-anker-322-a81b5-3-1-750x500.jpg; https://cdn.tgdd.vn/Products/Images/58/312263/cap-type-c-lightning-mfi-0-9m-anker-322-a81b5-4-750x500.jpg,,250000.0,https://cdn.tgdd.vn/Products/Images/58/312263/cap-type-c-lightning-mfi-0-9m-anker-322-a81b5-thumb-1-600x600.jpg,,,,Hỗ trợ sạc nhanh,,,,,,Trung Quốc,Trung Quốc,Anker,Sạc | Truyền dữ liệu,USB Type-C,Lightning: 20 W,0.9 m,20 W,,,,,,,,,,,,,,,,,,,,,,,,,,,,,,,,,,,,,phukien
Sạc 6 cổng Ugreen 40913,https://cdn.tgdd.vn/Products/Images/9499/327559/adapter-sac-6-cong-usb-type-c-pd-qc-3-0-gan-200w-ugreen-40913-1-750x500.jpg; https://cdn.tgdd.vn/Products/Images/9499/327559/adapter-sac-6-cong-usb-type-c-pd-qc-3-0-gan-200w-ugreen-40913-2-750x500.jpg; https://cdn.tgdd.vn/Products/Images/9499/327559/adapter-sac-6-cong-usb-type-c-pd-qc-3-0-gan-200w-ugreen-40913-3-750x500.jpg; https://cdn.tgdd.vn/Products/Images/9499/327559/adapter-sac-6-cong-usb-type-c-pd-qc-3-0-gan-200w-ugreen-40913-4-750x500.jpg,,2000000.0,https://cdn.tgdd.vn/Products/Images/9499/327559/adapter-sac-6-cong-usb-type-c-pd-qc-3-0-gan-200w-ugreen-40913-thumb-1-600x600.jpg,,,,Công nghệ GaN | Power Delivery | Quick Charge 3.0,,,,Dài 10 cm - Ngang 3.2 cm - Cao 10 cm,,Trung Quốc,Trung Quốc,Ugreen,,"100-240V~50/60Hz, 2.5A","Type C3/C4: 5V - 3A, 9V 3A, 12V - 3A, 15V - 3A, 20V - 3.25A, 3.3~21V - 3A (Max 65W) | Type C1/C2: 5V - 3A, 9V - 3A, 12V - 3A, 15V - 3A, 20V - 5A, 3.3~21V - 3A (Max 100W) | USB A1/A2: 4.5V - 5A, 5V - 4.5A, 5V - 3A, 9V - 2A, 12V - 1.5A (Max 22.5W)",,,40913,200 W,,,,,,,,,,,,,,,,,,,,,,,,,,,,,,,,,,,phukien
Cáp Lightning 1m Xmobile L2320,https://cdnv2.tgdd.vn/mwg-static/tgdd/Products/Images/58/329480/cap-lightning-1m-xmobile-l2320-1-638617330003893973-750x500.jpg; https://cdnv2.tgdd.vn/mwg-static/tgdd/Products/Images/58/329480/cap-lightning-1m-xmobile-l2320-2-638617330009084472-750x500.jpg; https://cdnv2.tgdd.vn/mwg-static/tgdd/Products/Images/58/329480/cap-lightning-1m-xmobile-l2320-3-638617330015169150-750x500.jpg; https://cdnv2.tgdd.vn/mwg-static/tgdd/Products/Images/58/329480/cap-lightning-1m-xmobile-l2320-4-638617330019802166-750x500.jpg; https://cdnv2.tgdd.vn/mwg-static/tgdd/Products/Images/58/329480/cap-lightning-1m-xmobile-l2320-5-638617330026401645-750x500.jpg; https://cdnv2.tgdd.vn/mwg-static/tgdd/Products/Images/58/329480/cap-lightning-1m-xmobile-l2320-6-638617330031569148-750x500.jpg,,150000.0,https://cdn.tgdd.vn/Products/Images/58/329480/cap-lightning-1m-xmobile-l2320-thumb-600x600.jpg,,,,,,,,,,Thế Giới Di Động,Trung Quốc,Xmobile,Sạc | Truyền dữ liệu,USB Type-A,Lightning: 5V - 2.4A (Max 12W),1 m,12 W,,,,,,,,,,,,,,,,,,,,,,,,,,,,,,,,,,,,,phukien
Sạc Xmobile YC-524ACC,https://cdnv2.tgdd.vn/mwg-static/tgdd/Products/Images/9499/341472/adapter-sac-3-cong-usb-type-c-pd-qc-3-0-gan-65w-xmobile-yc-524acc-den-2-638890490306519893-750x500.jpg; https://cdnv2.tgdd.vn/mwg-static/tgdd/Products/Images/9499/341472/adapter-sac-3-cong-usb-type-c-pd-qc-3-0-gan-65w-xmobile-yc-524acc-den-3-638890490312436793-750x500.jpg; https://cdnv2.tgdd.vn/mwg-static/tgdd/Products/Images/9499/341472/adapter-sac-3-cong-usb-type-c-pd-qc-3-0-gan-65w-xmobile-yc-524acc-den-4-638890490318412111-750x500.jpg; https://cdnv2.tgdd.vn/mwg-static/tgdd/Products/Images/9499/341472/adapter-sac-3-cong-usb-type-c-pd-qc-3-0-gan-65w-xmobile-yc-524acc-den-5-638890490324252522-750x500.jpg; https://cdnv2.tgdd.vn/mwg-static/tgdd/Products/Images/9499/341472/adapter-sac-3-cong-usb-type-c-pd-qc-3-0-gan-65w-xmobile-yc-524acc-den-6-638890490332369803-750x500.jpg; https://cdnv2.tgdd.vn/mwg-static/tgdd/Products/Images/9499/341472/adapter-sac-3-cong-usb-type-c-pd-qc-3-0-gan-65w-xmobile-yc-524acc-den-7-638890490338086398-750x500.jpg,,350000.0,https://cdnv2.tgdd.vn/mwg-static/tgdd/Products/Images/9499/341472/adapter-sac-3-cong-usb-type-c-pd-qc-3-0-gan-65w-xmobile-yc-524acc-thumb-638894177840088727-600x600.jpg,,,,Công nghệ GaN | Quick Charge 3.0 | Power Delivery 3.0,,,,Dài 8.89 cm - Ngang 4.53 cm - Cao 3.11 cm,,Trung Quốc,Trung Quốc,Xmobile,,"110-240V~50/60Hz, 1.5A","USB QC 3.0: 5V - 3A, 9V - 2A, 12V - 1.5A (Max 18W) | Type C1/C2: 5V - 3A, 9V - 3A, 12V - 3A, 15V - 3A, 20V - 3.25A (Max 65W)",,,YC-524ACC,65 W,,,,,,,,,,,,,,,,,,,,,,,,,,,,,,,,,,,phukien
Sạc xe hơi Baseus VCHXX-UC,https://cdnv2.tgdd.vn/mwg-static/tgdd/Products/Images/9499/341746/baseus-tiny-star-mini-vchxx-uc-1-638905019585101065-750x500.jpg; https://cdnv2.tgdd.vn/mwg-static/tgdd/Products/Images/9499/341746/baseus-tiny-star-mini-vchxx-uc-2-638905019593918544-750x500.jpg; https://cdnv2.tgdd.vn/mwg-static/tgdd/Products/Images/9499/341746/baseus-tiny-star-mini-vchxx-uc-3-638905019599974931-750x500.jpg; https://cdnv2.tgdd.vn/mwg-static/tgdd/Products/Images/9499/341746/baseus-tiny-star-mini-vchxx-uc-4-638905019606243430-750x500.jpg; https://cdnv2.tgdd.vn/mwg-static/tgdd/Products/Images/9499/341746/baseus-tiny-star-mini-vchxx-uc-5-638905019615136274-750x500.jpg; https://cdnv2.tgdd.vn/mwg-static/tgdd/Products/Images/9499/341746/baseus-tiny-star-mini-vchxx-uc-6-638905019621398076-750x500.jpg,,255000.0,https://cdnv2.tgdd.vn/mwg-static/tgdd/Products/Images/9499/341746/sac-xe-hoi-2-cong-usb-type-c-pd-qc-3-0-30w-baseus-tiny-star-mini-vchxx-uc-thumb-638899249066400609-600x600.jpg,,,,Sạc nhanh | Power Delivery,,,,Dài 4.1 cm - Đường kính 2 cm,,Trung Quốc,Trung Quốc,Baseus,,DC 12 - 24V,"USB-A: 5V - 3A, 9V - 3A, 10V - 2.25A, 12V - 2.5A (Max 30W) | Type C: 5V - 3A, 9V - 3A, 12V - 2.5A (Max 30W)",,,VCHXX-UC,30 W,,,,,,,,,,,,,,,,,,,,,,,,,,,,,,,,,,,phukien
Cáp Thunderbolt 3 USB-C 0.8m Belkin F2CD084,https://cdn.tgdd.vn/Products/Images/58/327229/cap-thunderbolt-3-usb-c-0-8m-belkin-f2cd084-1-750x500.jpg; https://cdn.tgdd.vn/Products/Images/58/327229/cap-thunderbolt-3-usb-c-0-8m-belkin-f2cd084-2-750x500.jpg; https://cdn.tgdd.vn/Products/Images/58/327229/cap-thunderbolt-3-usb-c-0-8m-belkin-f2cd084-3-750x500.jpg; https://cdn.tgdd.vn/Products/Images/58/327229/cap-thunderbolt-3-usb-c-0-8m-belkin-f2cd084-8-750x500.jpg,,860000.0,https://cdn.tgdd.vn/Products/Images/58/327229/cap-thunderbolt-3-usb-c-0-8m-belkin-f2cd084-thumb-600x600.jpg,,,,Hỗ trợ sạc nhanh,,,,,,Mỹ,Trung Quốc,Belkin,Sạc | Truyền dữ liệu,USB Type-C,Type C: 100 W,0.8 m,100 W,,,,400 Mbps,,,,,,,,,,,,,,,,,,,,,,,,,,,,,,,,,phukien
Adapter chuyển đổi USB Type C 4 in 1 HyperDrive HD41,https://cdn.tgdd.vn/Products/Images/12979/310635/adapter-chuyen-doi-usb-type-c-4-in-1-hyperdrive-hd41-1-750x500.jpg; https://cdn.tgdd.vn/Products/Images/12979/310635/adapter-chuyen-doi-usb-type-c-4-in-1-hyperdrive-hd41-2-750x500.jpg; https://cdn.tgdd.vn/Products/Images/12979/310635/adapter-chuyen-doi-usb-type-c-4-in-1-hyperdrive-hd41-3-750x500.jpg; https://cdn.tgdd.vn/Products/Images/12979/310635/adapter-chuyen-doi-usb-type-c-4-in-1-hyperdrive-hd41-4-750x500.jpg; https://cdn.tgdd.vn/Products/Images/12979/310635/adapter-chuyen-doi-usb-type-c-4-in-1-hyperdrive-hd41-5-750x500.jpg; https://cdn.tgdd.vn/Products/Images/12979/310635/adapter-chuyen-doi-usb-type-c-4-in-1-hyperdrive-hd41-6-750x500.jpg,,1365000.0,https://cdn.tgdd.vn/Products/Images/12979/310635/adapter-chuyen-doi-usb-type-c-4-in-1-hyperdrive-hd41-thumb-600x600.jpg,,,,Power Delivery,,,,Dài 8.5 cm - Ngang 3.4 cm - Cao 1.4 cm,,Mỹ,Trung Quốc,Hyper,Xuất hình ảnh | Chuyển đổi cổng kết nối,,2 USB | 1 HDMI (4K) | 1 Type C (PD 100W),0.18 m,100 W,,,Laptop hỗ trợ cổng Type C,USB 3.0 (5 Gbps),HDMI 2.0,4K 60Hz,Type-C,,,,,,,,,,,,,,,,,,,,,,,,,,,,,,phukien
Sạc kèm cáp Type C Xiaomi HyperCharge,https://cdnv2.tgdd.vn/mwg-static/tgdd/Products/Images/9499/332324/bo-adapter-sac-67w-kem-cap-type-c-1m-xiaomi-hypercharge-trang-1-638677218317893195-750x500.jpg; https://cdnv2.tgdd.vn/mwg-static/tgdd/Products/Images/9499/332324/bo-adapter-sac-67w-kem-cap-type-c-1m-xiaomi-hypercharge-trang-2-638677218325988704-750x500.jpg; https://cdnv2.tgdd.vn/mwg-static/tgdd/Products/Images/9499/332324/bo-adapter-sac-67w-kem-cap-type-c-1m-xiaomi-hypercharge-trang-3-638677218332890669-750x500.jpg; https://cdnv2.tgdd.vn/mwg-static/tgdd/Products/Images/9499/332324/bo-adapter-sac-67w-kem-cap-type-c-1m-xiaomi-hypercharge-trang-4-638677218338852863-750x500.jpg; https://cdnv2.tgdd.vn/mwg-static/tgdd/Products/Images/9499/332324/bo-adapter-sac-67w-kem-cap-type-c-1m-xiaomi-hypercharge-trang-5-638677218346369448-750x500.jpg; https://cdnv2.tgdd.vn/mwg-static/tgdd/Products/Images/9499/332324/bo-adapter-sac-67w-kem-cap-type-c-1m-xiaomi-hypercharge-trang-6-638677218354121972-750x500.jpg,,790000.0,https://cdnv2.tgdd.vn/mwg-static/tgdd/Products/Images/9499/332324/bo-adapter-sac-67w-kem-cap-type-c-1m-xiaomi-hypercharge-trang-thumb-1-638677202220462761-600x600.jpg,,,,Power Delivery,,,,Dài 4.93 cm - Ngang 2.8 cm - Cao 9.3 cm,,Trung Quốc,Trung Quốc,Xiaomi,,"100-240V~50/60Hz, 1.7A",USB: 5.0-20.0V - 6.2-3.25A (Max 67W),,,HyperCharge,67 W,,,,,,,,,,,,,,,,,,,,,,,,,,,,,,,,,,,phukien
Cáp Type C - Type C 1m Magnetic Baseus PicoGo CB000153,https://cdnv2.tgdd.vn/mwg-static/tgdd/Products/Images/58/331871/cap-type-c-type-c-1m-magnetic-baseus-picogo-cb000153-den-1-638668731433298449-750x500.jpg; https://cdnv2.tgdd.vn/mwg-static/tgdd/Products/Images/58/331871/cap-type-c-type-c-1m-magnetic-baseus-picogo-cb000153-den-2-638668731439644233-750x500.jpg; https://cdnv2.tgdd.vn/mwg-static/tgdd/Products/Images/58/331871/cap-type-c-type-c-1m-magnetic-baseus-picogo-cb000153-den-3-638668731447297637-750x500.jpg; https://cdnv2.tgdd.vn/mwg-static/tgdd/Products/Images/58/331871/cap-type-c-type-c-1m-magnetic-baseus-picogo-cb000153-4-638670029981833015-750x500.jpg,,210000.0,https://cdnv2.tgdd.vn/mwg-static/tgdd/Products/Images/58/331871/cap-type-c-type-c-1m-magnetic-baseus-picogo-cb000153-thumb-1-638668739951747255-600x600.jpg,,,,Hỗ trợ sạc nhanh,,,,,,Trung Quốc,Trung Quốc,Baseus,Sạc,USB Type-C,USB Type-C,1 m,240 W,,,,,,,,,,,,,,,,,,,,,,,,,,,,,,,,,,,,,phukien
Cáp Type C - Lightning MFI 1m Ugreen US532 90493,https://cdnv2.tgdd.vn/mwg-static/tgdd/Products/Images/58/332240/cap-type-c-lightning-mfi-1m-ugreen-us532-90493-1-638678051073087522-750x500.jpg; https://cdnv2.tgdd.vn/mwg-static/tgdd/Products/Images/58/332240/cap-type-c-lightning-mfi-1m-ugreen-us532-90493-2-638678051067711994-750x500.jpg; https://cdnv2.tgdd.vn/mwg-static/tgdd/Products/Images/58/332240/cap-type-c-lightning-mfi-1m-ugreen-us532-90493-3-638678051062097768-750x500.jpg; https://cdnv2.tgdd.vn/mwg-static/tgdd/Products/Images/58/332240/cap-type-c-lightning-mfi-1m-ugreen-us532-90493-4-638693339675190849-750x500.jpg,,345000.0,https://cdnv2.tgdd.vn/mwg-static/tgdd/Products/Images/58/332240/cap-type-c-lightning-mfi-1m-ugreen-us532-90493-thumb-13.-638742833841424827-600x600.jpg,,,,Hỗ trợ sạc nhanh,,,,,,Trung Quốc,Trung Quốc,Ugreen,Sạc | Truyền dữ liệu,USB Type-C,Lightning: 60 W,1 m,60 W,,,,,,,,,,,,,,,,,,,,,,,,,,,,,,,,,,,,,phukien
Sạc Không Dây 2 in 1 kèm Cáp Type C - Type C 1m Ugreen W709 45775,https://cdnv2.tgdd.vn/mwg-static/tgdd/Products/Images/9499/337968/de-sac-khong-day-2-in-1-qi2-15w-magnetic-ugreen-w709-45775-1-638827563809973504-750x500.jpg; https://cdnv2.tgdd.vn/mwg-static/tgdd/Products/Images/9499/337968/de-sac-khong-day-2-in-1-qi2-15w-magnetic-ugreen-w709-45775-2-638827563815944522-750x500.jpg; https://cdnv2.tgdd.vn/mwg-static/tgdd/Products/Images/9499/337968/de-sac-khong-day-2-in-1-qi2-15w-magnetic-ugreen-w709-45775-3-638827563821953558-750x500.jpg; https://cdnv2.tgdd.vn/mwg-static/tgdd/Products/Images/9499/337968/de-sac-khong-day-2-in-1-qi2-15w-magnetic-ugreen-w709-45775-4-638827563830160653-750x500.jpg; https://cdnv2.tgdd.vn/mwg-static/tgdd/Products/Images/9499/337968/de-sac-khong-day-2-in-1-qi2-15w-magnetic-ugreen-w709-45775-5-638827563836052174-750x500.jpg; https://cdnv2.tgdd.vn/mwg-static/tgdd/Products/Images/9499/337968/de-sac-khong-day-2-in-1-qi2-15w-magnetic-ugreen-w709-45775-6-638827563843947794-750x500.jpg,,990000.0,https://cdnv2.tgdd.vn/mwg-static/tgdd/Products/Images/9499/337968/de-sac-khong-day-2-in-1-qi2-15w-magnetic-ugreen-w709-45775-thumb-638827637084379426-600x600.jpg,,,,Sạc không dây Qi2,,,,Dài 6.3 cm - Ngang 6 cm - Cao 7.9 cm,,Trung Quốc,Trung Quốc,Ugreen,,"Type C1: 5V - 3A, 9V - 3A, 12V - 2.5A (Max 30W)",Không dây (điện thoại): Max 15W | Không dây (TWS): 5W | Type C2: 5V - 1A (Max 5W),,,W709 45775,15 W,,,,,,,,,,,,,,,,,,,,,,,,,,,,,,,,,,,phukien
Cáp Type C - Type C 0.9m Anker 543 Nylon Bio-braided A80E5,https://cdnv2.tgdd.vn/mwg-static/tgdd/Products/Images/58/331976/cap-type-c-type-c-0-9m-anker-543-nylon-bio-braided-a80e5-den-31-638683251922959848-750x500.jpg; https://cdnv2.tgdd.vn/mwg-static/tgdd/Products/Images/58/331976/cap-type-c-type-c-0-9m-anker-543-nylon-bio-braided-a80e5-den-2-638683251934005949-750x500.jpg; https://cdnv2.tgdd.vn/mwg-static/tgdd/Products/Images/58/331976/cap-type-c-type-c-0-9m-anker-543-nylon-bio-braided-a80e5-den-3-638683251916684342-750x500.jpg; https://cdnv2.tgdd.vn/mwg-static/tgdd/Products/Images/58/331976/cap-type-c-type-c-0-9m-anker-543-nylon-bio-braided-a80e5-den-5-638683359839918461-750x500.jpg,,160000.0,https://cdnv2.tgdd.vn/mwg-static/tgdd/Products/Images/58/331976/cap-type-c-type-c-0-9m-anker-543-nylon-bio-braided-a80e5-thumb-638683355180171477-600x600.jpg,,,,Hỗ trợ sạc nhanh,,,,,,Trung Quốc,Trung Quốc,Anker,Sạc,USB Type-C,Type C: 240W (Max),0.9 m,240 W,,,,,,,,,,,,,,,,,,,,,,,,,,,,,,,,,,,,,phukien
Sạc không dây Magnetic Belkin BoostCharge WIA008,https://cdn.tgdd.vn/Products/Images/9499/327247/de-sac-khong-day-magnetic-15w-belkin-boostcharge-wia008-1-750x500.jpg; https://cdn.tgdd.vn/Products/Images/9499/327247/de-sac-khong-day-magnetic-15w-belkin-boostcharge-wia008-2-750x500.jpg; https://cdn.tgdd.vn/Products/Images/9499/327247/de-sac-khong-day-magnetic-15w-belkin-boostcharge-wia008-3-750x500.jpg; https://cdn.tgdd.vn/Products/Images/9499/327247/de-sac-khong-day-magnetic-15w-belkin-boostcharge-wia008-4-750x500.jpg; https://cdn.tgdd.vn/Products/Images/9499/327247/de-sac-khong-day-magnetic-15w-belkin-boostcharge-wia008-8-750x500.jpg,,1075000.0,https://cdn.tgdd.vn/Products/Images/9499/327247/de-sac-khong-day-magnetic-15w-belkin-boostcharge-wia008-thumb-600x600.jpg,,,,Sạc không dây | Góc đế có thể điều chỉnh | Chế độ StandBy | Sạc không dây Qi2,,,,,,Mỹ,Việt Nam,Belkin,,"100-240V~50/60Hz, 0.7A",Không dây: 15W Max,,,WIA008,15 W,,,,,,,,,,,,,,,,,,,,,,,,,,,,,,,,,,,phukien
Tai nghe TWS Samsung Galaxy Buds Core R410N,https://cdnv2.tgdd.vn/mwg-static/tgdd/Products/Images/54/342707/tai-nghe-bluetooth-true-wireless-samsung-galaxy-buds-core-r410n-den-1-638917139326060212-750x500.jpg; https://cdnv2.tgdd.vn/mwg-static/tgdd/Products/Images/54/342707/tai-nghe-bluetooth-true-wireless-samsung-galaxy-buds-core-r410n-den-2-638917139333796415-750x500.jpg; https://cdnv2.tgdd.vn/mwg-static/tgdd/Products/Images/54/342707/tai-nghe-bluetooth-true-wireless-samsung-galaxy-buds-core-r410n-den-3-638917139340823898-750x500.jpg; https://cdnv2.tgdd.vn/mwg-static/tgdd/Products/Images/54/342707/tai-nghe-bluetooth-true-wireless-samsung-galaxy-buds-core-r410n-den-4-638917139346157989-750x500.jpg; https://cdnv2.tgdd.vn/mwg-static/tgdd/Products/Images/54/342707/tai-nghe-bluetooth-true-wireless-samsung-galaxy-buds-core-r410n-den-5-638917139352146784-750x500.jpg; https://cdnv2.tgdd.vn/mwg-static/tgdd/Products/Images/54/342707/tai-nghe-bluetooth-true-wireless-samsung-galaxy-buds-core-r410n-den-6-638917139357666834-750x500.jpg,,1190000.0,https://cdnv2.tgdd.vn/mwg-static/tgdd/Products/Images/54/342707/tai-nghe-bluetooth-true-wireless-samsung-galaxy-buds-core-r410n-thumb-638914510290621973-600x600.jpg,,,,,,,,Dài 1.92 cm - Rộng 1.71 cm - Cao 2.22 cm,5.3 g,Hàn Quốc,Trung Quốc,Samsung,,,,,,,,,,,,,Dùng Khoảng 8.5 giờ (khi tắt ANC) - Sạc Khoảng 1.7 giờ,Dùng 35 giờ - Sạc 2 giờ,Type-C,Active Noise Cancellation | Công nghệ ENC | Ambient Sound,"Thiết bị Android phiên bản 8.0 trở lên | iOS (iPhone) | macOS (Macbook, iMac) | Windows",Galaxy Wearable,Auto Switch | 3 Micro chống ồn | Trợ lý ảo Bixby | Công nghệ tự điều chỉnh theo hướng giọng nói (Beamforming) | Chế độ thất lạc (Lost Mode) | Có mic thoại | Sạc nhanh,1 thiết bị,Bluetooth 5.4,Cảm ứng chạm,Từ chối cuộc gọi | Tăng/giảm âm lượng | Phát/dừng chơi nhạc | Chuyển bài hát | Nhận/Ngắt cuộc gọi | Chuyển đổi giữa ANC/ Xuyên âm/ Normal Mode,,,,,,,,,,,,,,,,,,,phukien
Tai nghe TWS Samsung Galaxy Buds3 Pro R630N,https://cdn.tgdd.vn/Products/Images/54/327554/tai-nghe-bluetooth-true-wireless-samsung-galaxy-buds-3-pro-r630n-trang-1-750x500.jpg; https://cdn.tgdd.vn/Products/Images/54/327554/tai-nghe-bluetooth-true-wireless-samsung-galaxy-buds-3-pro-r630n-trang-2-750x500.jpg; https://cdn.tgdd.vn/Products/Images/54/327554/tai-nghe-bluetooth-true-wireless-samsung-galaxy-buds-3-pro-r630n-trang-3-750x500.jpg; https://cdn.tgdd.vn/Products/Images/54/327554/tai-nghe-bluetooth-true-wireless-samsung-galaxy-buds-3-pro-r630n-trang-4-750x500.jpg; https://cdn.tgdd.vn/Products/Images/54/327554/tai-nghe-bluetooth-true-wireless-samsung-galaxy-buds-3-pro-r630n-trang-5-750x500.jpg,,3990000.0,https://cdn.tgdd.vn/Products/Images/54/327554/tai-nghe-bluetooth-true-wireless-samsung-galaxy-buds-3-pro-r630n-100724-082455-600x600-1-600x600.jpg,,,,,,,,Dài 3.2 cm - Rộng 2.02 cm - Cao 1.8 cm,5.4 g,Hàn Quốc,Việt Nam,Samsung,,,,,,,,,,,,,Dùng 7 giờ - Sạc Hãng không công bố,Dùng 30 giờ - Sạc Hãng không công bố,Type-C,Dolby Atmos | Công nghệ phát sóng Auracast | Adaptive Noise Control | Adaptive EQ | 360 Reality Audio,"macOS | Android, iOS, Windows",Galaxy Wearable,Phiên dịch trực tiếp | Thanh ánh sáng Blade Lights | Chống nước & bụi IP57 | Sạc không dây | Tự động chuyển đổi kết nối linh hoạt (Auto Switch) | Có mic thoại | Sạc nhanh | 360 Reality Audio | Galaxy AI,1 thiết bị,Bluetooth 5.4,"Cảm ứng chạm/vuốt | Giọng nói (Tiếng Anh, Hàn)",Tăng/giảm âm lượng | Phát/dừng chơi nhạc | Chuyển bài hát | Chuyển chế độ | Nhận/Ngắt cuộc gọi,,,,,,,,,,,,,,,,,,,phukien
Tai nghe TWS Samsung Galaxy Buds 3 FE R420N,https://cdnv2.tgdd.vn/mwg-static/tgdd/Products/Images/54/344637/tai-nghe-bluetooth-true-wireless-samsung-galaxy-buds-3-fe-r420n-den-1-638930564300177113-750x500.jpg; https://cdnv2.tgdd.vn/mwg-static/tgdd/Products/Images/54/344637/tai-nghe-bluetooth-true-wireless-samsung-galaxy-buds-3-fe-r420n-den-99-638930564305991965-750x500.jpg,,2990000.0,https://cdnv2.tgdd.vn/mwg-static/tgdd/Products/Images/54/344637/tai-nghe-bluetooth-true-wireless-samsung-galaxy-buds-3-fe-r420n-thumb-638930564090906448-600x600.jpg,,,,,,,,Dài 1.8 cm - Rộng 2.11 cm - Cao 3.38 cm,5 g,Hàn Quốc,Việt Nam,Samsung,,,,,,,,,,,,,Dùng Khoảng 8.5 giờ (khi tắt ANC) - Sạc Khoảng 1.7 giờ,Dùng 30 giờ - Sạc Khoảng 2 giờ,Type-C,Active Noise Cancelling | Adaptive EQ | Ambient Sound | 360 Reality Audio,macOS | Thiết bị Android phiên bản 8.0 trở lên | iOS (iPhone) | Windows,Galaxy Wearable,Auto Switch | 6 Micro chống ồn | Trợ lý ảo Bixby | Chế độ thất lạc (Lost Mode) | Chống nước & bụi IP54 | Sạc nhanh | Trợ lý phiên dịch thời gian thực | Trợ lý ảo Gemini,1 thiết bị,Bluetooth 5.4,Cảm ứng chạm/vuốt,Từ chối cuộc gọi | Tăng/giảm âm lượng | Phát/dừng chơi nhạc | Chuyển bài hát | Nhận/Ngắt cuộc gọi | Chuyển đổi giữa ANC/ Xuyên âm,,,,,,,,,,,,,,,,,,,phukien
Tai nghe TWS OPPO ENCO Buds 3 ETEG1,https://cdnv2.tgdd.vn/mwg-static/tgdd/Products/Images/54/342638/tai-nghe-bluetooth-true-wireless-oppo-enco-buds-3-eteg1-den-1-638936289792654687-750x500.jpg; https://cdnv2.tgdd.vn/mwg-static/tgdd/Products/Images/54/342638/tai-nghe-bluetooth-true-wireless-oppo-enco-buds-3-eteg1-den-2-638936289799167177-750x500.jpg; https://cdnv2.tgdd.vn/mwg-static/tgdd/Products/Images/54/342638/tai-nghe-bluetooth-true-wireless-oppo-enco-buds-3-eteg1-den-3-638936289806789680-750x500.jpg; https://cdnv2.tgdd.vn/mwg-static/tgdd/Products/Images/54/342638/tai-nghe-bluetooth-true-wireless-oppo-enco-buds-3-eteg1-den-4-638936289813147784-750x500.jpg; https://cdnv2.tgdd.vn/mwg-static/tgdd/Products/Images/54/342638/tai-nghe-bluetooth-true-wireless-oppo-enco-buds-3-eteg1-den-5-638936289821654727-750x500.jpg; https://cdnv2.tgdd.vn/mwg-static/tgdd/Products/Images/54/342638/tai-nghe-bluetooth-true-wireless-oppo-enco-buds-3-eteg1-den-6-638936289830609028-750x500.jpg,,890000.0,https://cdnv2.tgdd.vn/mwg-static/tgdd/Products/Images/54/342638/tai-nghe-bluetooth-true-wireless-oppo-enco-buds-3-eteg1-thumb-2-638913660877855680-600x600.jpg,,,,,,,,Dài 3.2 cm - Rộng 1.6 cm - Cao 1.7 cm,3.8 g,Trung Quốc,Trung Quốc,OPPO,,,,,,,,,,,,,Dùng Khoảng 9.5 giờ - Sạc 1 giờ,Dùng 48 giờ - Sạc Khoảng 1.3 giờ,Type-C,Dynamic Driver 12.4 mm | Enco Master | Âm thanh vòm OPPO Alive,"macOS | Android, iOS, Windows",HeyMelody App,Game Mode | Chống nước & bụi IP55 | Công nghệ AI dịch thuật | Độ nhạy micro: -38dBV/Pa | Sạc nhanh | Khử tiếng ồn AI | Hỗ trợ Google Fast Pair,2 thiết bị,Bluetooth 5.4,Cảm ứng,Điều khiển camera từ xa | Phát/dừng chơi nhạc | Chuyển bài hát | Bật/tắt game mode | Nhận/Ngắt cuộc gọi,,,,,,,,,,,,,,,,,,,phukien
Tai nghe TWS Xiaomi Redmi Buds 6,https://cdnv2.tgdd.vn/mwg-static/tgdd/Products/Images/54/333561/tai-nghe-tws-xiaomi-redmi-buds-6-den-1-638707208388740121-750x500.jpg; https://cdnv2.tgdd.vn/mwg-static/tgdd/Products/Images/54/333561/tai-nghe-tws-xiaomi-redmi-buds-6-den-2-638707208397821890-750x500.jpg; https://cdnv2.tgdd.vn/mwg-static/tgdd/Products/Images/54/333561/tai-nghe-tws-xiaomi-redmi-buds-6-den-3-638707208403801581-750x500.jpg; https://cdnv2.tgdd.vn/mwg-static/tgdd/Products/Images/54/333561/tai-nghe-tws-xiaomi-redmi-buds-6-den-4-638707208410039563-750x500.jpg; https://cdnv2.tgdd.vn/mwg-static/tgdd/Products/Images/54/333561/tai-nghe-tws-xiaomi-redmi-buds-6-den-5-638707208416827013-750x500.jpg,,960000.0,https://cdnv2.tgdd.vn/mwg-static/tgdd/Products/Images/54/333561/tai-nghe-tws-xiaomi-redmi-buds-6-251224-104719-335-600x600.jpg,,,,,,,,Dài 3.1 cm - Rộng 2 cm - Cao 2.3 cm,5 g,Trung Quốc,Trung Quốc,Xiaomi,,,,,,,,,,,,,Dùng 10 giờ - Sạc Khoảng 1 giờ,Dùng 42 giờ - Sạc Khoảng 2.5 giờ,Type-C,Công nghệ Hybrid Active | Công nghệ Dual Driver | 360 Surround Sound | Active Noise Cancellation | Công nghệ ENC | Ambient Sound,"macOS | Android, iOS, Windows",Xiaomi Earbuds,Chống nước & bụi IP54 | Sạc nhanh | Có đèn LED | Hỗ trợ Google Fast Pair | 2 Micro hỗ trợ AI,2 thiết bị,Bluetooth 5.4,Cảm ứng chạm,Từ chối cuộc gọi | Phát/dừng chơi nhạc | Chuyển bài hát | Chuyển chế độ | Nhận/Ngắt cuộc gọi,,,,,,,,,,,,,,,,,,,phukien
Tai nghe TWS OPPO ENCO Buds 3 Pro ETEK1,https://cdnv2.tgdd.vn/mwg-static/tgdd/Products/Images/54/335184/tai-nghe-bluetooth-true-wireless-oppo-enco-buds-3-pro-etek1-trang-1-638766133911780402-750x500.jpg; https://cdnv2.tgdd.vn/mwg-static/tgdd/Products/Images/54/335184/tai-nghe-bluetooth-true-wireless-oppo-enco-buds-3-pro-etek1-trang-2-638766133920549676-750x500.jpg; https://cdnv2.tgdd.vn/mwg-static/tgdd/Products/Images/54/335184/tai-nghe-bluetooth-true-wireless-oppo-enco-buds-3-pro-etek1-trang-3-638766133926127172-750x500.jpg; https://cdnv2.tgdd.vn/mwg-static/tgdd/Products/Images/54/335184/tai-nghe-bluetooth-true-wireless-oppo-enco-buds-3-pro-etek1-trang-4-638766133931884692-750x500.jpg; https://cdnv2.tgdd.vn/mwg-static/tgdd/Products/Images/54/335184/tai-nghe-bluetooth-true-wireless-oppo-enco-buds-3-pro-etek1-tem-99-638766133905803878-750x500.jpg,,970000.0,https://cdnv2.tgdd.vn/mwg-static/tgdd/Products/Images/54/335184/tai-nghe-bluetooth-true-wireless-oppo-enco-buds-3-pro-etek1-030325-031613-396-600x600.jpg,,,,,,,,Dài 3.109 cm - Rộng 2.028 cm - Cao 2.329 cm,4.3 g,Trung Quốc,Trung Quốc,OPPO,,,,,,,,,,,,,Dùng 12 giờ - Sạc Khoảng 1 giờ,Dùng 54 giờ - Sạc Khoảng 2 giờ,Type-C,Personalized EQ | Dynamic Driver 12.4 mm | Công nghệ ENC,"macOS | Android, iOS, Windows",HeyMelody App,Mic khử tiếng ồn | Chống nước & bụi IP55 | Có mic thoại | Sạc nhanh | Chống ồn | Tương thích trợ lý ảo | Hỗ trợ Google Fast Pair,2 thiết bị,Bluetooth 5.4,Cảm ứng,Phát/dừng chơi nhạc | Chuyển bài hát | Nhận/Ngắt cuộc gọi,,,,,,,,,,,,,,,,,,,phukien
Tai nghe Chụp Tai JBL Tune 520BT,https://cdn.tgdd.vn/Products/Images/54/312518/tai-nghe-bluetooth-chup-tai-jbl-tune-520bt-den-1-750x500.jpg; https://cdn.tgdd.vn/Products/Images/54/312518/tai-nghe-bluetooth-chup-tai-jbl-tune-520bt-den-2-750x500.jpg; https://cdn.tgdd.vn/Products/Images/54/312518/tai-nghe-bluetooth-chup-tai-jbl-tune-520bt-den-3-750x500.jpg; https://cdn.tgdd.vn/Products/Images/54/312518/tai-nghe-bluetooth-chup-tai-jbl-tune-520bt-den-4-750x500.jpg; https://cdn.tgdd.vn/Products/Images/54/312518/tai-nghe-bluetooth-chup-tai-jbl-tune-520bt-den-5-750x500.jpg; https://cdn.tgdd.vn/Products/Images/54/312518/tai-nghe-bluetooth-chup-tai-jbl-tune-520bt-den-6-750x500.jpg,,990000.0,https://cdn.tgdd.vn/Products/Images/54/312518/tai-nghe-bluetooth-chup-tai-jbl-tune-520bt-thumb-2-600x600.jpg,,,,,,,,Dài 7.34 cm - Rộng 7.34 cm - Cao 1.78 cm,157 g,Mỹ,Trung Quốc,JBL,,,,,,,,,,,,,Dùng 57 giờ - Sạc 2 giờ,,Type-C,JBL Pure Bass Sound | Kích thước driver: 33 mm,macOS | Android | iOS (iPhone) | Windows,JBL Headphones,Có mic thoại | Sạc nhanh | Tương thích trợ lý ảo,2 thiết bị,Bluetooth 5.3,Phím nhấn,Từ chối cuộc gọi | Tăng/giảm âm lượng | Phát/dừng chơi nhạc | Kết nối Bluetooth | Chuyển bài hát | Bật/Tắt Mic | Bật trợ lí ảo | Nhận/Ngắt cuộc gọi | Bật/tắt nguồn,,,,,,,,,,,,,,,,,,,phukien
Tai nghe Chụp Tai Sony WH-CH520,https://cdn.tgdd.vn/Products/Images/54/313694/tai-nghe-bluetooth-chup-tai-sony-wh-ch520-kem-1-750x500.jpg; https://cdn.tgdd.vn/Products/Images/54/313694/tai-nghe-bluetooth-chup-tai-sony-wh-ch520-kem-2-750x500.jpg; https://cdn.tgdd.vn/Products/Images/54/313694/tai-nghe-bluetooth-chup-tai-sony-wh-ch520-kem-3-750x500.jpg; https://cdn.tgdd.vn/Products/Images/54/313694/tai-nghe-bluetooth-chup-tai-sony-wh-ch520-kem-4-750x500.jpg; https://cdn.tgdd.vn/Products/Images/54/313694/tai-nghe-bluetooth-chup-tai-sony-wh-ch520-kem-5-750x500.jpg,,1060000.0,https://cdnv2.tgdd.vn/mwg-static/tgdd/Products/Images/54/313694/tai-nghe-bluetooth-chup-tai-sony-wh-ch520-210425-043507-151-600x600.jpg,,,,,,,,Dài 7.5 cm - Rộng 7.5 cm - Cao 4.3 cm,147 g,Nhật Bản,Việt Nam,Sony,,,,,,,,,,,,,Dùng 50 giờ - Sạc 3 giờ,,Type-C,codec SBC | Công nghệ ENC | codec AAC | 360 Reality Audio | DSEE | Equalizer,"macOS | ChromeOS | PS5 | Android, iOS, Windows",Sony Headphones Connect,"Sạc nhanh | Tương thích trợ lý ảo | Micro chống ồn, lọc gió | Hỗ trợ Google Fast Pair và Microsoft Swift Pair",2 thiết bị,Bluetooth 5.2,Phím nhấn,Tăng/giảm âm lượng | Phát/dừng chơi nhạc | Kết nối Bluetooth | Chuyển bài hát | Bật trợ lí ảo | Nhận/Ngắt cuộc gọi | Bật/tắt nguồn,,,,,,,,,,,,,,,,,,,phukien
Tai nghe TWS JBL Wave Beam 2,https://cdnv2.tgdd.vn/mwg-static/tgdd/Products/Images/54/332455/tai-nghe-tws-jbl-wave-beam-2-den-1-638682176228213476-750x500.jpg; https://cdnv2.tgdd.vn/mwg-static/tgdd/Products/Images/54/332455/tai-nghe-tws-jbl-wave-beam-2-den-2-638682176202702253-750x500.jpg; https://cdnv2.tgdd.vn/mwg-static/tgdd/Products/Images/54/332455/tai-nghe-tws-jbl-wave-beam-2-den-3-638682176208572620-750x500.jpg; https://cdnv2.tgdd.vn/mwg-static/tgdd/Products/Images/54/332455/tai-nghe-tws-jbl-wave-beam-2-den-4-638682176213942379-750x500.jpg; https://cdnv2.tgdd.vn/mwg-static/tgdd/Products/Images/54/332455/tai-nghe-tws-jbl-wave-beam-2-den-5-638682176220604525-750x500.jpg,,1360000.0,https://cdnv2.tgdd.vn/mwg-static/tgdd/Products/Images/54/332455/tai-nghe-tws-jbl-wave-beam-2-150125-100004-092-600x600.jpg,,,,,,,,Dài 3.3 cm - Rộng 2.4 cm - Cao 2.1 cm,4.3 g,Mỹ,Trung Quốc,JBL,,,,,,,,,,,,,Dùng 10 giờ - Sạc 2 giờ,Dùng 40 giờ - Sạc 2 giờ,Type-C,Driver 8 mm | Smart Ambient | JBL Pure Bass Sound | Active Noise Cancellation,"macOS | Android, iOS, Windows",JBL Headphones,Voice Aware | 4 Micro chống ồn | Chống nước & bụi IP54 | Sạc nhanh,2 thiết bị,Bluetooth 5.3,Cảm ứng chạm,Phát/dừng chơi nhạc | Chuyển bài hát | Bật trợ lí ảo | Nhận/Ngắt cuộc gọi,,,,,,,,,,,,,,,,,,,phukien
Tai nghe TWS Marshall Minor IV,https://cdn.tgdd.vn/Products/Images/54/325339/tai-nghe-bluetooth-tws-marshall-minor-iv-den-1-750x500.jpg; https://cdn.tgdd.vn/Products/Images/54/325339/tai-nghe-bluetooth-tws-marshall-minor-iv-den-2-750x500.jpg; https://cdn.tgdd.vn/Products/Images/54/325339/tai-nghe-bluetooth-tws-marshall-minor-iv-den-3-750x500.jpg; https://cdn.tgdd.vn/Products/Images/54/325339/tai-nghe-bluetooth-tws-marshall-minor-iv-den-4-750x500.jpg; https://cdn.tgdd.vn/Products/Images/54/325339/tai-nghe-bluetooth-tws-marshall-minor-iv-den-5-750x500.jpg,,3270000.0,https://cdnv2.tgdd.vn/mwg-static/tgdd/Products/Images/54/325339/tai-nghe-bluetooth-true-wireless-marshall-minor-iv-260225-043222-385-600x600.jpg,,,,,,,,Dài 3.2 cm - Rộng 1.8 cm - Cao 1.2 cm,3.695 g,Anh,Trung Quốc,Marshall,,,,,,,,,,,,,Dùng 7 giờ - Sạc 1.5 giờ,Dùng 30 giờ - Sạc 2 giờ,Type-C,Marshall Signature Sound | Driver 12 mm,"macOS | Android, iOS, Windows",Marshall Bluetooth,Điều chỉnh EQ - Âm lượng | Spotify TAP | Chế độ bảo vệ pin | Chống nước IPX4 | Sạc không dây | Có mic thoại,2 thiết bị,Bluetooth 5.3,Cảm ứng chạm,Tăng/giảm âm lượng | Phát/dừng chơi nhạc | Chuyển bài hát | Thay đổi EQ Sound | Nhận/Ngắt cuộc gọi,,,,,,,,,,,,,,,,,,,phukien
Tai nghe Bluetooth TWS Baseus Bass BP1 Pro PM132,https://cdnv2.tgdd.vn/mwg-static/tgdd/Products/Images/54/341111/tai-nghe-bluetooth-true-wireless-baseus-bass-bp1-pro-pm132-den-1-638888625536532778-750x500.jpg; https://cdnv2.tgdd.vn/mwg-static/tgdd/Products/Images/54/341111/tai-nghe-bluetooth-true-wireless-baseus-bass-bp1-pro-pm132-den-2-638888625542821184-750x500.jpg; https://cdnv2.tgdd.vn/mwg-static/tgdd/Products/Images/54/341111/tai-nghe-bluetooth-true-wireless-baseus-bass-bp1-pro-pm132-den-3-638888625548203017-750x500.jpg; https://cdnv2.tgdd.vn/mwg-static/tgdd/Products/Images/54/341111/tai-nghe-bluetooth-true-wireless-baseus-bass-bp1-pro-pm132-den-4-638888625553906242-750x500.jpg; https://cdnv2.tgdd.vn/mwg-static/tgdd/Products/Images/54/341111/tai-nghe-bluetooth-true-wireless-baseus-bass-bp1-pro-pm132-tem-99-638888640125727232-750x500.jpg,,460000.0,https://cdnv2.tgdd.vn/mwg-static/tgdd/Products/Images/54/341111/tai-nghe-bluetooth-true-wireless-baseus-bass-bp1-pro-pm132-230725-101507-431-600x600.jpg,,,,,,,,Dài 3.01 cm - Rộng 2.2 cm - Cao 2.09 cm,3.9 g,Trung Quốc,Trung Quốc,Baseus,,,,,,,,,,,,,Dùng 12 giờ (khi tắt ANC) - Sạc 1.5 giờ,Dùng 55 giờ (khi tắt ANC) - Sạc 1.5 giờ,Type-C,Hi-Res Audio | Adaptive EQ | Hybrid ANC,"macOS | Android, iOS, Windows",BASEUS,6 Micro chống ồn | Chống nước & bụi IP55 | Có mic thoại | Sạc nhanh | Tương thích trợ lý ảo,1 thiết bị,Bluetooth 6.0,Cảm ứng,Từ chối cuộc gọi | Phát/dừng chơi nhạc | Bật trợ lí ảo | Chuyển chế độ | Nhận/Ngắt cuộc gọi,,,,,,,,,,,,,,,,,,,phukien
Tai nghe Bluetooth chụp tai Alpha Works AW LITE 600,https://cdnv2.tgdd.vn/mwg-static/tgdd/Products/Images/54/340058/tai-nghe-bluetooth-chup-tai-alpha-works-aw-lite-600-den-1-638870620782258115-750x500.jpg; https://cdnv2.tgdd.vn/mwg-static/tgdd/Products/Images/54/340058/tai-nghe-bluetooth-chup-tai-alpha-works-aw-lite-600-den-2-638870620788022608-750x500.jpg; https://cdnv2.tgdd.vn/mwg-static/tgdd/Products/Images/54/340058/tai-nghe-bluetooth-chup-tai-alpha-works-aw-lite-600-den-3-638870620793867038-750x500.jpg; https://cdnv2.tgdd.vn/mwg-static/tgdd/Products/Images/54/340058/tai-nghe-bluetooth-chup-tai-alpha-works-aw-lite-600-den-4-638870620799649871-750x500.jpg,,490000.0,https://cdnv2.tgdd.vn/mwg-static/tgdd/Products/Images/54/340058/tai-nghe-bluetooth-chup-tai-alpha-works-aw-lite-600-020725-020729-372-600x600.jpg,,,,,,,,Dài 17.7 cm - Rộng 8.5 cm - Cao 19.5 cm,220 g,Mỹ,Trung Quốc,Alpha Works,,,,Hãng không công bố,,,,,,,,,Dùng 40 giờ - Sạc 3 giờ,,Type-C,Adaptive EQ | Driver 40 mm,"macOS | Xbox | PlayStation | PC | ChromeOS | Máy chơi game Nintendo Switch | Android, iOS, Windows",,Có mic thoại | Sạc nhanh | Tương thích trợ lý ảo,1 thiết bị,Bluetooth 5.4,Phím nhấn,Từ chối cuộc gọi | Tăng/giảm âm lượng | Kết nối Bluetooth | Chuyển bài hát | Bật trợ lí ảo | Thay đổi EQ Sound | Nhận/Ngắt cuộc gọi | Bật/tắt nguồn,3.5 mm,,,,,,,,,,,,,,,,,,phukien
Tai nghe truyền xương Shokz OPENRUN PRO 2 S820,https://cdnv2.tgdd.vn/mwg-static/tgdd/Products/Images/54/332588/tai-nghe-truyen-xuong-shokz-openrun-pro-2-s820-den-1-638685550118834054-750x500.jpg; https://cdnv2.tgdd.vn/mwg-static/tgdd/Products/Images/54/332588/tai-nghe-truyen-xuong-shokz-openrun-pro-2-s820-den-2-638685550125728443-750x500.jpg; https://cdnv2.tgdd.vn/mwg-static/tgdd/Products/Images/54/332588/tai-nghe-truyen-xuong-shokz-openrun-pro-2-s820-den-3-638685550134913219-750x500.jpg; https://cdnv2.tgdd.vn/mwg-static/tgdd/Products/Images/54/332588/tai-nghe-truyen-xuong-shokz-openrun-pro-2-s820-den-4-638685550141404011-750x500.jpg; https://cdnv2.tgdd.vn/mwg-static/tgdd/Products/Images/54/332588/tai-nghe-truyen-xuong-shokz-openrun-pro-2-s820-den-5-638685550147098509-750x500.jpg,,4895000.0,https://cdnv2.tgdd.vn/mwg-static/tgdd/Products/Images/54/332588/tai-nghe-truyen-xuong-shokz-openrun-pro-2-s820-021224-092312-779-600x600.jpg,,,,,,,,Dài 12.4 cm - Rộng 4.5 cm - Cao 10 cm,30.3±0.5g,Trung Quốc,Trung Quốc,Shokz,,,,,,,,,,,,,Dùng 12 giờ - Sạc 1 giờ,,Type-C,Truyền âm thanh qua xương | Dẫn khí truyền âm | Công nghệ DualPitch | Công nghệ DRC,Các thiết bị có hỗ trợ Bluetooth,Shokz App,"Chống nước & bụi IP55 | Sạc nhanh | Khử tiếng ồn micro kép AI | Micro chống ồn, lọc gió",2 thiết bị,Bluetooth 5.3,Phím nhấn,Từ chối cuộc gọi | Tăng/giảm âm lượng | Phát/dừng chơi nhạc | Chuyển bài hát | Nhận/Ngắt cuộc gọi | Thay đổi ngôn ngữ,,,,,,,,,,,,,,,,,,,phukien
Tai nghe TWS AVA+ Buds Life Air 2 Pro,https://cdn.tgdd.vn/Products/Images/54/327988/tai-nghe-bluetooth-true-wireless-ava-buds-life-air-2-pro-1-750x500.jpg; https://cdn.tgdd.vn/Products/Images/54/327988/tai-nghe-bluetooth-true-wireless-ava-buds-life-air-2-pro-2-750x500.jpg; https://cdn.tgdd.vn/Products/Images/54/327988/tai-nghe-bluetooth-true-wireless-ava-buds-life-air-2-pro-3-750x500.jpg; https://cdn.tgdd.vn/Products/Images/54/327988/tai-nghe-bluetooth-true-wireless-ava-buds-life-air-2-pro-4-750x500.jpg; https://cdn.tgdd.vn/Products/Images/54/327988/tai-nghe-bluetooth-true-wireless-ava-buds-life-air-2-pro-5-750x500.jpg,,350000.0,https://cdn.tgdd.vn/Products/Images/54/327988/tai-nghe-bluetooth-true-wireless-ava-buds-life-air-2-pro-230824-105551-600x600.jpg,,,,,,,,Dài 3.1 cm - Rộng 1.8 cm - Cao 1.6 cm,3.5 g,Thế Giới Di Động,Trung Quốc,AVA+,,,,,,,,,,,,,Dùng 4 giờ - Sạc 1.5 giờ,Dùng 18 giờ - Sạc 2 giờ,Type-C,,"macOS | Android, iOS, Windows",,Hỗ trợ sạc không dây Qi | Có mic thoại,1 thiết bị,Bluetooth 5.4,Cảm ứng chạm,Từ chối cuộc gọi | Phát/dừng chơi nhạc | Chuyển bài hát | Bật trợ lí ảo | Nhận/Ngắt cuộc gọi,,,,,,,,,,,,,,,,,,,phukien
Tai nghe TWS Rezo K50,https://cdnv2.tgdd.vn/mwg-static/tgdd/Products/Images/54/329299/tai-nghe-bluetooth-true-wireless-rezo-k50-den-1-638627076792093732-750x500.jpg; https://cdnv2.tgdd.vn/mwg-static/tgdd/Products/Images/54/329299/tai-nghe-bluetooth-true-wireless-rezo-k50-den-2-638627076799209187-750x500.jpg; https://cdnv2.tgdd.vn/mwg-static/tgdd/Products/Images/54/329299/tai-nghe-bluetooth-true-wireless-rezo-k50-den-3-638627076806435115-750x500.jpg; https://cdnv2.tgdd.vn/mwg-static/tgdd/Products/Images/54/329299/tai-nghe-bluetooth-true-wireless-rezo-k50-den-4-638627076824333621-750x500.jpg; https://cdnv2.tgdd.vn/mwg-static/tgdd/Products/Images/54/329299/tai-nghe-bluetooth-true-wireless-rezo-k50-den-5-638627076830915578-750x500.jpg,,440000.0,https://cdn.tgdd.vn/Products/Images/54/329299/tai-nghe-bluetooth-true-wireless-rezo-k50-040924-103457-600x600.jpg,,,,,,,,Dài 2.7 cm - Rộng 2.1 cm - Cao 1.6 cm,4 g,Thế Giới Di Động,Trung Quốc,Rezo,,,,,,,,,,,,,Dùng 4 giờ - Sạc 1 giờ,Dùng 16 giờ - Sạc 1 giờ,Type-C,Driver 13 mm,"macOS | Android, iOS, Windows",,Có mic thoại | Tương thích trợ lý ảo,1 thiết bị,Bluetooth 5.4,Cảm ứng,Từ chối cuộc gọi | Tăng/giảm âm lượng | Phát/dừng chơi nhạc | Chuyển bài hát | Bật trợ lí ảo | Nhận/Ngắt cuộc gọi,,,,,,,,,,,,,,,,,,,phukien
Tai nghe TWS Havit TW943 Pro,https://cdnv2.tgdd.vn/mwg-static/tgdd/Products/Images/54/339344/tai-nghe-bluetooth-true-wireless-havit-tw943-pro-trang-1-638853257824365639-750x500.jpg; https://cdnv2.tgdd.vn/mwg-static/tgdd/Products/Images/54/339344/tai-nghe-bluetooth-true-wireless-havit-tw943-pro-trang-2-638853257830668404-750x500.jpg; https://cdnv2.tgdd.vn/mwg-static/tgdd/Products/Images/54/339344/tai-nghe-bluetooth-true-wireless-havit-tw943-pro-trang-3-638853257836782089-750x500.jpg; https://cdnv2.tgdd.vn/mwg-static/tgdd/Products/Images/54/339344/tai-nghe-bluetooth-true-wireless-havit-tw943-pro-trang-4-638853257841845168-750x500.jpg; https://cdnv2.tgdd.vn/mwg-static/tgdd/Products/Images/54/339344/tai-nghe-bluetooth-true-wireless-havit-tw943-pro-trang-5-638853257847468039-750x500.jpg; https://cdnv2.tgdd.vn/mwg-static/tgdd/Products/Images/54/339344/tai-nghe-bluetooth-true-wireless-havit-tw943-pro-trang-6-638853257853997213-750x500.jpg,,490000.0,https://cdnv2.tgdd.vn/mwg-static/tgdd/Products/Images/54/339344/tai-nghe-bluetooth-true-wireless-havit-tw943-pro-120625-114714-118-600x600.jpg,,,,,,,,Dài 2.1 cm - Rộng 3.3 cm - Cao 0.768 cm,8.7 g,Trung Quốc,Trung Quốc,HAVIT,,,,,,,,,,,,,Dùng 6 giờ - Sạc Khoảng 2 giờ,Dùng 28 giờ - Sạc Khoảng 2.5 giờ,Type-C,Chống ồn chủ động | Công nghệ ENC,"macOS | Android, iOS, Windows",,4 Micro chống ồn | Có mic thoại | Màn hình LED hiển thị pin,2 thiết bị,Bluetooth 5.3,Cảm ứng chạm,,,,,,,,,,,,,,,,,,,,phukien
Tai nghe Chụp Tai Havit H661BT,https://cdn.tgdd.vn/Products/Images/54/311187/tai-nghe-bluetooth-chup-tai-havit-h661bt-2-750x500.jpg; https://cdn.tgdd.vn/Products/Images/54/311187/tai-nghe-bluetooth-chup-tai-havit-h661bt-1-750x500.jpg; https://cdn.tgdd.vn/Products/Images/54/311187/tai-nghe-bluetooth-chup-tai-havit-h661bt-3-750x500.jpg; https://cdn.tgdd.vn/Products/Images/54/311187/tai-nghe-bluetooth-chup-tai-havit-h661bt-4-750x500.jpg; https://cdn.tgdd.vn/Products/Images/54/311187/tai-nghe-bluetooth-chup-tai-havit-h661bt-20-750x500.jpg; https://cdn.tgdd.vn/Products/Images/54/311187/tai-nghe-bluetooth-chup-tai-havit-h661bt-21-750x500.jpg,,350000.0,https://cdn.tgdd.vn/Products/Images/54/311187/tai-nghe-bluetooth-chup-tai-havit-h661bt-thumb-600x600.jpg,,,,,,,,Dài 19.1 cm - Rộng 16.6 cm - Cao 7.66 cm,176 g,Trung Quốc,Trung Quốc,HAVIT,,,,1.2 m,,,,,,,,,Dùng 12 giờ - Sạc 2 giờ,,Type-C,,"macOS | Android, iOS, Windows",,Có mic thoại | Tương thích trợ lý ảo,1 thiết bị,Bluetooth 5.3,Phím nhấn,Từ chối cuộc gọi | Tăng/giảm âm lượng | Phát/dừng chơi nhạc | Chuyển bài hát | Bật trợ lí ảo | Nhận/Ngắt cuộc gọi | Gọi lại số gần nhất,3.5 mm,,,,,,,,,,,,,,,,,,phukien
Tai nghe TWS AVA+ FreeGo W28,https://cdnv2.tgdd.vn/mwg-static/tgdd/Products/Images/54/330247/tai-nghe-bluetooth-true-wireless-ava-freego-w28-den-1-638635667816210744-750x500.jpg; https://cdnv2.tgdd.vn/mwg-static/tgdd/Products/Images/54/330247/tai-nghe-bluetooth-true-wireless-ava-freego-w28-den-2-638635667837693318-750x500.jpg; https://cdnv2.tgdd.vn/mwg-static/tgdd/Products/Images/54/330247/tai-nghe-bluetooth-true-wireless-ava-freego-w28-den-3-638635667843384825-750x500.jpg; https://cdnv2.tgdd.vn/mwg-static/tgdd/Products/Images/54/330247/tai-nghe-bluetooth-true-wireless-ava-freego-w28-den-4-638635667849452501-750x500.jpg; https://cdnv2.tgdd.vn/mwg-static/tgdd/Products/Images/54/330247/tai-nghe-bluetooth-true-wireless-ava-freego-w28-den-5-638635667864013366-750x500.jpg,,260000.0,https://cdnv2.tgdd.vn/mwg-static/tgdd/Products/Images/54/330247/tai-nghe-bluetooth-true-wireless-ava-freego-w28-031024-033211-851-600x600.jpg,,,,,,,,Dài 3 cm - Rộng 1.7 cm - Cao 1.7 cm,3.1 g,Thế Giới Di Động,Trung Quốc,AVA+,,,,,,,,,,,,,Dùng 4 giờ - Sạc 2 giờ,Dùng 16 giờ - Sạc 2 giờ,Type-C,,"macOS | Android, iOS, Windows",,Có mic thoại | Tương thích trợ lý ảo,1 thiết bị,Bluetooth 5.4,Cảm ứng chạm,Tăng/giảm âm lượng | Phát/dừng chơi nhạc | Chuyển bài hát | Bật trợ lí ảo | Nhận/Ngắt cuộc gọi,,,,,,,,,,,,,,,,,,,phukien
Tai nghe TWS realme Buds T200 Lite,https://cdnv2.tgdd.vn/mwg-static/tgdd/Products/Images/54/336370/tai-nghe-bluetooth-true-wireless-realme-buds-t200-lite-1-638792693448893067-750x500.jpg; https://cdnv2.tgdd.vn/mwg-static/tgdd/Products/Images/54/336370/tai-nghe-bluetooth-true-wireless-realme-buds-t200-lite-2-638792693457378628-750x500.jpg; https://cdnv2.tgdd.vn/mwg-static/tgdd/Products/Images/54/336370/tai-nghe-bluetooth-true-wireless-realme-buds-t200-lite-3-638792693463101867-750x500.jpg; https://cdnv2.tgdd.vn/mwg-static/tgdd/Products/Images/54/336370/tai-nghe-bluetooth-true-wireless-realme-buds-t200-lite-4-638792693469342425-750x500.jpg; https://cdnv2.tgdd.vn/mwg-static/tgdd/Products/Images/54/336370/tai-nghe-bluetooth-true-wireless-realme-buds-t200-lite-tem-99-638792699623658759-750x500.jpg,,430000.0,https://cdnv2.tgdd.vn/mwg-static/tgdd/Products/Images/54/336370/tai-nghe-bluetooth-true-wireless-realme-buds-t200-lite-030425-092703-795-600x600.jpg,,,,,,,,Dài 3.48 cm - Rộng 2.05 cm - Cao 2.25 cm,5 g,Trung Quốc,Trung Quốc,realme,,,,,,,,,,,,,Dùng 7 giờ - Sạc 2 giờ,Dùng 48 giờ - Sạc 2 giờ,Type-C,Dynamic Driver 12.4 mm,"macOS | Android, iOS, Windows",realme Link,Điều chỉnh EQ - Âm lượng | Chống nước IPX4 | 2 Micro hỗ trợ AI,2 thiết bị,Bluetooth 5.4,Cảm ứng,Từ chối cuộc gọi | Phát/dừng chơi nhạc | Chuyển bài hát | Nhận/Ngắt cuộc gọi,,,,,,,,,,,,,,,,,,,phukien
Tai nghe TWS AVA+ FreeGo PT52,https://cdnv2.tgdd.vn/mwg-static/tgdd/Products/Images/54/330710/tai-nghe-bluetooth-true-wireless-ava-freego-pt52-den-1-638642396972122980-750x500.jpg; https://cdnv2.tgdd.vn/mwg-static/tgdd/Products/Images/54/330710/tai-nghe-bluetooth-true-wireless-ava-freego-pt52-den-2-638642396979215963-750x500.jpg; https://cdnv2.tgdd.vn/mwg-static/tgdd/Products/Images/54/330710/tai-nghe-bluetooth-true-wireless-ava-freego-pt52-den-3-638642396986671734-750x500.jpg; https://cdnv2.tgdd.vn/mwg-static/tgdd/Products/Images/54/330710/tai-nghe-bluetooth-true-wireless-ava-freego-pt52-den-4-638642396993493638-750x500.jpg; https://cdnv2.tgdd.vn/mwg-static/tgdd/Products/Images/54/330710/tai-nghe-bluetooth-true-wireless-ava-freego-pt52-den-5-638642397000604462-750x500.jpg,,260000.0,https://cdnv2.tgdd.vn/mwg-static/tgdd/Products/Images/54/330710/tai-nghe-bluetooth-true-wireless-ava-freego-pt52-081024-050122-178-600x600.jpg,,,,,,,,Dài 3.3 cm - Rộng 2.5 cm - Cao 2.3 cm,4.3 g,Thế Giới Di Động,Trung Quốc,AVA+,,,,,,,,,,,,,Dùng 7 giờ - Sạc 1.5 giờ,Dùng 20 giờ - Sạc 1.5 giờ,Type-C,,"macOS | Android, iOS, Windows",,Game Mode | Có mic thoại | Tương thích trợ lý ảo | Khử ồn cuộc gọi,1 thiết bị,Bluetooth 5.4,Cảm ứng chạm,Tăng/giảm âm lượng | Phát/dừng chơi nhạc | Chuyển bài hát | Bật trợ lí ảo | Bật/tắt game mode | Nhận/Ngắt cuộc gọi,,,,,,,,,,,,,,,,,,,phukien
Flycam DJI Mini 3 (GL) MT3PD kèm điều khiển RC231,https://cdnv2.tgdd.vn/mwg-static/tgdd/Products/Images/13279/332491/flycam-dji-flycam-dji-mini-3-gl-mt3pd-kem-dieu-khien-rc231-den-1-638694208821425022-750x500.jpg; https://cdnv2.tgdd.vn/mwg-static/tgdd/Products/Images/13279/332491/flycam-dji-flycam-dji-mini-3-gl-mt3pd-kem-dieu-khien-rc231-den-2-638694208831488926-750x500.jpg; https://cdnv2.tgdd.vn/mwg-static/tgdd/Products/Images/13279/332491/flycam-dji-flycam-dji-mini-3-gl-mt3pd-kem-dieu-khien-rc231-den-3-638694208840291917-750x500.jpg; https://cdnv2.tgdd.vn/mwg-static/tgdd/Products/Images/13279/332491/flycam-dji-flycam-dji-mini-3-gl-mt3pd-kem-dieu-khien-rc231-den-4-638694208845840558-750x500.jpg; https://cdnv2.tgdd.vn/mwg-static/tgdd/Products/Images/13279/332491/flycam-dji-flycam-dji-mini-3-gl-mt3pd-kem-dieu-khien-rc231-den--99-638694214260748191-750x500.jpg,,9415000.0,https://cdnv2.tgdd.vn/mwg-static/tgdd/Products/Images/13279/332491/flycam-dji-mini-3-gl-mt3pd-kem-dieu-khien-rc231-290425-084007-119-600x600.jpg,,,,,,,,,248 g,Trung Quốc,Trung Quốc,,,,,,,,,,,,,,,,,,,,,,,,,,5 m/s,3.5 m/s,16 m/s,4000 m,18 km,40°,"Theo chiều dọc: ± 0.1m (với Định vị tầm nhìn), ± 0.5m (với Định vị GNSS) | Theo chiều ngang: ± 0.3m (với Định vị tầm nhìn), ± 0.5m (với Hệ thống định vị chính xác cao)",38 phút,251×362×72 mm,148×90×62 mm,5 m/s,3.5 m/s,16 m/s,BeiDou | GPS | Galileo,"Dọc: ± 0.1m (với Định vị bằng tầm nhìn), ± 0.5m (với Định vị GPS) | Ngang: ± 0.3m (với Định vị bằng Tầm nhìn), ± 1.5m (với Định vị GPS)",-10° đến 40° C,Hãng không công bố,phukien
Flycam DJI Air 3 Fly More Combo EB3WBC kèm điều khiển RC331,https://cdnv2.tgdd.vn/mwg-static/tgdd/Products/Images/13279/332494/flycam-dji-air-3-fly-more-combo-eb3wbc-kem-dieu-khien-rc331-den-1-638694243117378150-750x500.jpg; https://cdnv2.tgdd.vn/mwg-static/tgdd/Products/Images/13279/332494/flycam-dji-air-3-fly-more-combo-eb3wbc-kem-dieu-khien-rc331-den-2-638694243125551804-750x500.jpg; https://cdnv2.tgdd.vn/mwg-static/tgdd/Products/Images/13279/332494/flycam-dji-air-3-fly-more-combo-eb3wbc-kem-dieu-khien-rc331-den-3-638694243131182844-750x500.jpg; https://cdnv2.tgdd.vn/mwg-static/tgdd/Products/Images/13279/332494/flycam-dji-air-3-fly-more-combo-eb3wbc-kem-dieu-khien-rc331-den-4-638694243138729226-750x500.jpg; https://cdnv2.tgdd.vn/mwg-static/tgdd/Products/Images/13279/332494/flycam-dji-air-3-fly-more-combo-eb3wbc-kem-dieu-khien-rc331-den-5-638694243144787979-750x500.jpg,,29440000.0,https://cdnv2.tgdd.vn/mwg-static/tgdd/Products/Images/13279/332494/flycam-dji-air-3-fly-more-combo-eb3wbc-kem-dieu-khien-rc331-290425-084749-169-600x600.jpg,,,,,,,,,720 g,Trung Quốc,Trung Quốc,,,,,,,,,,,,,,,,,,,,,,,,,,10 m/s,10 m/s,21 m/s,6000 m,32 km,35°,"Theo chiều dọc: ± 0.1m (với Định vị tầm nhìn), ± 0.5m (với Định vị GNSS) | Theo chiều ngang: ± 0.3m (với Định vị tầm nhìn), ± 0.5m (với Hệ thống định vị chính xác cao)",46 phút,258.8×326×105.8 mm,207×100.5×91.1 mm,10 m/s,10 m/s,21 m/s,BeiDou | GPS | Galileo,"Dọc: ± 0.1m (với Định vị bằng tầm nhìn), ± 0.5m (với Định vị GNSS) | Ngang: ± 0.3 m (với Định vị tầm nhìn), ± 0.5m (với Hệ thống định vị có độ chính xác cao)",-10° đến 40° C,8 GB,phukien
Flycam DJI Mini 2 SE Fly More Combo MT2SD kèm điều khiển RC231,https://cdnv2.tgdd.vn/mwg-static/tgdd/Products/Images/13279/332496/flycam-dji-mini-2-se-fly-more-combo-mt2sd-kem-dieu-khien-rc231-den-1-638694284154607713-750x500.jpg; https://cdnv2.tgdd.vn/mwg-static/tgdd/Products/Images/13279/332496/flycam-dji-mini-2-se-fly-more-combo-mt2sd-kem-dieu-khien-rc231-den-3-638694284130057309-750x500.jpg; https://cdnv2.tgdd.vn/mwg-static/tgdd/Products/Images/13279/332496/flycam-dji-mini-2-se-fly-more-combo-mt2sd-kem-dieu-khien-rc231-den-4-638694284135878304-750x500.jpg; https://cdnv2.tgdd.vn/mwg-static/tgdd/Products/Images/13279/332496/flycam-dji-mini-2-se-fly-more-combo-mt2sd-kem-dieu-khien-rc231-den-5-638694284142252662-750x500.jpg; https://cdnv2.tgdd.vn/mwg-static/tgdd/Products/Images/13279/332496/flycam-dji-mini-2-se-fly-more-combo-mt2sd-kem-dieu-khien-rc231-den-6-638694284147610404-750x500.jpg,,10100000.0,https://cdnv2.tgdd.vn/mwg-static/tgdd/Products/Images/13279/332496/flycam-dji-mini-2-se-fly-more-combo-mt2sd-kem-dieu-khien-rc231-290425-083929-135-600x600.jpg,,,,,,,,,246 g,Trung Quốc,Trung Quốc,,,,,,,,,,,,,,,,,,,,,,,,,,5 m/s,3.5 m/s,16 m/s,4000m hoặc 2000m khi cất cánh với bộ phận bảo vệ cánh quạt,15.7 km,40°,"Theo chiều dọc: ± 0.1m (với Định vị tầm nhìn), ± 0.5m (với Định vị GNSS) | Theo chiều ngang: ± 0.3m (với Định vị tầm nhìn), ± 0.5m (với Hệ thống định vị chính xác cao)",31 phút,245×289×56 mm,138×81×58 mm,5 m/s,3.5 m/s,16 m/s,BeiDou | GPS | Galileo,"Ngang: ± 0.3m (với Định vị bằng Tầm nhìn), ± 1.5m (với Định vị GNSS) | Dọc: ± 0.1m (với Định vị bằng tầm nhìn), ± 0.5m (với Định vị GNSS)",0° đến 40° C,Hãng không công bố,phukien
Flycam DJI Mini 4 Pro (GL) MT4MFVD kèm điều khiển RC151,https://cdnv2.tgdd.vn/mwg-static/tgdd/Products/Images/13279/332497/flycam-dji-mini-4-pro-gl-mt4mfvd-kem-dieu-khien-rc151-den-1-638694381828139642-750x500.jpg; https://cdnv2.tgdd.vn/mwg-static/tgdd/Products/Images/13279/332497/flycam-dji-mini-4-pro-gl-mt4mfvd-kem-dieu-khien-rc151-den-3-638694381796367338-750x500.jpg; https://cdnv2.tgdd.vn/mwg-static/tgdd/Products/Images/13279/332497/flycam-dji-mini-4-pro-gl-mt4mfvd-kem-dieu-khien-rc151-den-4-638694381802233602-750x500.jpg; https://cdnv2.tgdd.vn/mwg-static/tgdd/Products/Images/13279/332497/flycam-dji-mini-4-pro-gl-mt4mfvd-kem-dieu-khien-rc151-den-5-638694381808796234-750x500.jpg; https://cdnv2.tgdd.vn/mwg-static/tgdd/Products/Images/13279/332497/flycam-dji-mini-4-pro-gl-mt4mfvd-kem-dieu-khien-rc151-den-6-638694381815323035-750x500.jpg; https://cdnv2.tgdd.vn/mwg-static/tgdd/Products/Images/13279/332497/flycam-dji-mini-4-pro-gl-mt4mfvd-kem-dieu-khien-rc151-den-7-638694381821833738-750x500.jpg,,19430000.0,https://cdnv2.tgdd.vn/mwg-static/tgdd/Products/Images/13279/332497/flycam-dji-mini-4-pro-gl-mt4mfvd-kem-dieu-khien-rc151-290425-085306-392-600x600.jpg,,,,,,,,,249g,Trung Quốc,Trung Quốc,,,,,,,,,,,,,,,,,,,,,,,,,,5 m/s,5 m/s,16 m/s,4000 m,18 km,35°,"Theo chiều dọc: ± 0.1m (với Định vị tầm nhìn), ± 0.5m (với Định vị GNSS) | Theo chiều ngang: ± 0.3m (với Định vị tầm nhìn), ± 0.5m (với Hệ thống định vị chính xác cao)",34 phút,298×373×101 mm,148×94×64 mm,5 m/s,5 m/s,16 m/s,BeiDou | GPS | Galileo,"Theo chiều ngang: ± 0.1m (với Định vị tầm nhìn), ± 0.5m (với Định vị GNSS) | Dọc: ± 0.1m (với Định vị bằng tầm nhìn), ± 0.5m (với Định vị GPS)",-10° đến 40° C,2 GB,phukien
